Date,Open,High,Low,Close,Adj Close,Volume
2014-09-03,30.020000,30.020000,29.740000,29.799999,24.529020,533400
2014-09-04,29.900000,30.000000,29.600000,29.770000,24.504326,784700
2014-09-05,29.809999,29.850000,29.600000,29.799999,24.529020,142600
2014-09-08,29.190001,29.219999,28.930000,29.030001,23.895220,113900
2014-09-09,29.139999,29.230000,29.000000,29.120001,23.969299,226600
2014-09-10,29.410000,29.610001,29.299999,29.490000,24.273853,176300
2014-09-11,29.620001,29.639999,29.469999,29.559999,24.331472,188000
2014-09-12,29.820000,29.830000,29.670000,29.830000,24.553715,38900
2014-09-15,29.690001,29.850000,29.620001,29.670000,24.422014,75000
2014-09-16,29.570000,29.879999,29.430000,29.879999,24.594870,73900
2014-09-17,30.170000,30.230000,29.910000,29.969999,24.668949,80600
2014-09-18,30.389999,30.750000,30.389999,30.629999,25.212212,56700
2014-09-19,30.930000,30.930000,30.530001,30.750000,25.310987,44700
2014-09-22,30.980000,31.059999,30.900000,31.000000,25.516769,80400
2014-09-23,30.570000,30.750000,30.480000,30.680000,25.253368,929800
2014-09-24,30.600000,30.620001,30.270000,30.570000,25.162825,62200
2014-09-25,30.590000,30.610001,30.160000,30.270000,24.915886,46600
2014-09-26,30.430000,30.740000,30.400000,30.700001,25.269831,35300
2014-09-29,30.400000,30.680000,30.340000,30.600000,25.187517,42400
2014-09-30,30.379999,30.780001,30.370001,30.670000,25.245136,27900
2014-10-01,30.230000,30.299999,29.870001,29.959999,24.660717,61600
2014-10-02,29.500000,29.750000,29.160000,29.469999,24.257389,61300
2014-10-03,29.480000,29.540001,29.320000,29.440001,24.232695,1094000
2014-10-06,30.000000,30.000000,29.469999,29.719999,24.463171,57200
2014-10-07,29.379999,29.379999,28.850000,28.860001,23.755285,52500
2014-10-08,29.340000,29.660000,28.920000,29.590000,24.356165,41400
2014-10-09,29.059999,29.059999,28.400000,28.430000,23.401346,45800
2014-10-10,28.770000,28.770000,28.500000,28.590000,23.533047,44900
2014-10-13,28.690001,28.790001,28.379999,28.379999,23.360189,31000
2014-10-14,28.590000,28.770000,28.420000,28.459999,23.426037,45700
2014-10-15,28.299999,28.350000,27.570000,28.129999,23.154406,71500
2014-10-16,27.790001,28.530001,27.750000,28.400000,23.376650,86800
2014-10-17,28.110001,28.660000,27.990000,28.620001,23.557739,46500
2014-10-20,28.590000,28.860001,28.420000,28.559999,23.508350,50200
2014-10-21,28.610001,28.860001,28.570000,28.760000,23.672974,57300
2014-10-22,29.150000,29.150000,28.110001,28.170000,23.610367,125200
2014-10-23,28.330000,28.610001,28.320000,28.469999,23.861807,64200
2014-10-24,28.389999,28.629999,28.340000,28.559999,23.937241,31600
2014-10-27,28.500000,28.670000,28.270000,28.590000,23.962383,90500
2014-10-28,28.639999,28.740000,28.559999,28.700001,24.054579,1400900
2014-10-29,28.780001,28.910000,28.410000,28.600000,23.970768,51600
2014-10-30,28.680000,29.000000,28.629999,28.930000,24.247351,51000
2014-10-31,29.280001,29.420000,29.190001,29.370001,24.616133,192700
2014-11-03,29.420000,29.420000,29.090000,29.110001,24.398218,51900
2014-11-04,29.170000,29.170000,28.760000,28.850000,24.180302,50500
2014-11-05,28.940001,29.200001,28.910000,29.139999,24.423361,128100
2014-11-06,29.000000,29.230000,28.850000,29.030001,24.331169,33000
2014-11-07,29.030001,29.030001,28.770000,28.940001,24.255733,27800
2014-11-10,29.270000,29.400000,29.180000,29.370001,24.616133,54600
2014-11-11,29.600000,29.600000,29.320000,29.459999,24.691563,63500
2014-11-12,29.230000,29.330000,29.090000,29.129999,24.414976,59600
2014-11-13,29.059999,29.110001,28.860001,29.000000,24.306021,610400
2014-11-14,28.740000,28.969999,28.740000,28.809999,24.146772,41400
2014-11-17,28.850000,29.020000,28.830000,28.860001,24.188684,45500
2014-11-18,29.230000,29.230000,28.950001,29.030001,24.331169,44200
2014-11-19,29.139999,29.200001,29.000000,29.100000,24.389835,121300
2014-11-20,28.860001,29.000000,28.860001,28.990000,24.297638,37500
2014-11-21,29.250000,29.260000,29.000000,29.139999,24.423361,34500
2014-11-24,29.260000,29.360001,29.190001,29.360001,24.607752,55900
2014-11-25,29.530001,29.860001,29.459999,29.780001,24.959766,55900
2014-11-26,29.910000,30.000000,29.910000,29.980000,25.127398,37300
2014-11-28,30.000000,30.240000,30.000000,30.059999,25.194447,66500
2014-12-01,29.840000,30.330000,29.840000,30.000000,25.144161,34900
2014-12-02,30.090000,30.170000,30.000000,30.080000,25.211214,267100
2014-12-03,30.209999,30.280001,30.030001,30.059999,25.194447,36000
2014-12-04,30.100000,30.389999,30.100000,30.320000,25.412365,58800
2014-12-05,30.160000,30.209999,30.000000,30.030001,25.169304,123100
2014-12-08,30.000000,30.129999,29.870001,29.980000,25.127398,37400
2014-12-09,29.660000,29.660000,29.250000,29.370001,24.616133,36900
2014-12-10,29.430000,29.440001,28.830000,29.020000,24.322783,140900
2014-12-11,28.820000,28.820000,28.430000,28.430000,23.828281,327400
2014-12-12,28.120001,28.270000,27.440001,27.510000,23.057196,148300
2014-12-15,27.520000,27.580000,27.040001,27.139999,22.747084,79800
2014-12-16,27.920000,28.389999,27.820000,27.900000,23.384069,108300
2014-12-17,28.219999,28.469999,27.990000,28.299999,23.719326,150700
2014-12-18,28.740000,29.129999,28.730000,29.070000,24.364691,79300
2014-12-19,28.840000,28.959999,28.750000,28.930000,24.247351,80900
2014-12-22,29.389999,29.450001,29.270000,29.340000,24.590988,67400
2014-12-23,29.280001,29.389999,29.240000,29.360001,24.607752,49700
2014-12-24,29.450001,29.580000,29.100000,29.520000,24.741856,37900
2014-12-26,29.400000,29.740000,29.400000,29.700001,24.892719,54100
2014-12-29,29.459999,29.530001,29.400000,29.420000,24.658041,50300
2014-12-30,29.280001,29.320000,29.160000,29.230000,24.498795,40900
2014-12-31,29.379999,29.379999,29.080000,29.160000,24.440126,29500
2015-01-02,29.040001,29.040001,28.670000,28.719999,24.071341,48300
2015-01-05,28.129999,28.250000,28.000000,28.150000,23.593603,60900
2015-01-06,27.910000,28.020000,27.520000,27.670000,23.191296,42800
2015-01-07,28.100000,28.100000,27.809999,28.000000,23.467882,61900
2015-01-08,28.340000,28.500000,28.100000,28.219999,23.652273,54700
2015-01-09,28.680000,28.680000,28.190001,28.340000,23.752848,41100
2015-01-12,28.469999,28.540001,28.379999,28.389999,23.794758,64500
2015-01-13,28.980000,28.980000,28.400000,28.620001,23.987528,47200
2015-01-14,28.430000,28.650000,28.299999,28.600000,23.970768,220600
2015-01-15,28.719999,29.200001,28.629999,29.000000,24.306021,53000
2015-01-16,29.219999,29.500000,29.070000,29.500000,24.725094,373400
2015-01-20,29.870001,29.980000,29.799999,29.910000,25.068727,173300
2015-01-21,29.980000,30.639999,29.980000,30.430000,25.504559,1937500
2015-01-22,31.120001,31.590000,31.040001,31.379999,26.300789,89300
2015-01-23,30.990000,31.490000,30.990000,31.240000,26.183453,192900
2015-01-26,30.900000,31.040001,30.639999,30.700001,25.730854,179900
2015-01-27,30.809999,30.889999,30.600000,30.809999,25.823050,52800
2015-01-28,31.299999,31.299999,30.690001,30.760000,25.781147,68400
2015-01-29,31.280001,31.299999,30.910000,31.250000,26.191835,53900
2015-01-30,30.719999,30.820000,30.350000,30.350000,25.437510,50100
2015-02-02,30.750000,30.770000,30.309999,30.570000,25.621899,73700
2015-02-03,31.309999,31.900000,31.309999,31.770000,26.627665,51600
2015-02-04,31.809999,32.270000,31.799999,32.080002,26.887489,54900
2015-02-05,31.700001,31.770000,31.480000,31.620001,26.501945,65800
2015-02-06,31.500000,31.670000,31.309999,31.490000,26.392984,66300
2015-02-09,31.330000,31.840000,31.180000,31.209999,26.158310,83900
2015-02-10,31.660000,31.969999,31.660000,31.889999,26.728243,134900
2015-02-11,31.889999,32.090000,31.809999,31.910000,26.745005,83300
2015-02-12,32.480000,32.720001,32.419998,32.720001,27.423897,2275300
2015-02-13,32.099998,32.320000,32.099998,32.279999,27.055115,42100
2015-02-17,32.139999,32.180000,31.860001,32.000000,26.820438,85300
2015-02-18,32.040001,32.419998,32.040001,32.340000,27.105404,75300
2015-02-19,32.240002,32.650002,32.209999,32.450001,27.197601,51000
2015-02-20,32.470001,32.930000,32.470001,32.919998,27.591524,163500
2015-02-23,33.060001,33.360001,32.930000,33.259998,27.876490,321500
2015-02-24,33.299999,33.480000,33.060001,33.369999,27.968683,169100
2015-02-25,33.400002,33.669998,33.299999,33.500000,28.077646,243300
2015-02-26,33.029999,33.049999,32.799999,32.939999,27.608286,204800
2015-02-27,32.849998,33.070000,32.650002,32.740002,27.440660,248800
2015-03-02,32.709999,32.820000,32.580002,32.810001,27.499329,39500
2015-03-03,32.880001,32.880001,32.369999,32.560001,27.289801,41100
2015-03-04,32.680000,32.779999,32.490002,32.669998,27.381990,51200
2015-03-05,32.790001,33.009998,32.590000,32.740002,27.440660,47500
2015-03-06,32.580002,32.590000,32.349998,32.439999,27.189219,108500
2015-03-09,32.419998,32.439999,32.180000,32.349998,27.113787,69900
2015-03-10,32.369999,32.660000,32.169998,32.330002,27.097023,73100
2015-03-11,32.259998,32.290001,32.049999,32.119999,26.921013,300100
2015-03-12,32.250000,32.330002,31.830000,32.049999,26.862343,57500
2015-03-13,31.700001,31.790001,31.299999,31.530001,26.426516,55800
2015-03-16,31.740000,32.130001,31.559999,32.049999,26.862343,91100
2015-03-17,31.530001,31.930000,31.530001,31.799999,26.652809,58900
2015-03-18,32.049999,32.930000,31.969999,32.639999,27.356846,60000
2015-03-19,32.470001,32.549999,32.160000,32.310001,27.080263,50000
2015-03-20,32.450001,32.990002,32.349998,32.700001,27.407137,66700
2015-03-23,32.299999,32.700001,32.020000,32.320000,27.088642,84100
2015-03-24,32.590000,32.689999,32.290001,32.330002,27.097023,61700
2015-03-25,32.480000,32.599998,32.169998,32.250000,27.029974,46400
2015-03-26,32.169998,32.169998,31.549999,31.709999,26.577377,80500
2015-03-27,31.709999,31.830000,31.530001,31.700001,26.568996,62400
2015-03-30,31.260000,31.309999,31.070000,31.250000,26.191835,56200
2015-03-31,30.920000,31.160000,30.750000,30.959999,25.948774,161200
2015-04-01,31.090000,31.190001,30.840000,31.090000,26.057728,53500
2015-04-02,31.030001,31.200001,30.959999,31.090000,26.057728,112900
2015-04-06,31.990000,31.990000,31.120001,31.389999,26.309174,70900
2015-04-07,31.350000,31.559999,31.180000,31.260000,26.200214,52300
2015-04-08,31.860001,32.000000,31.690001,31.850000,26.694717,144500
2015-04-09,31.690001,31.770000,31.510000,31.610001,26.493563,154200
2015-04-10,31.410000,31.820000,31.410000,31.610001,26.493563,617100
2015-04-13,31.320000,31.559999,31.230000,31.520000,26.418133,50700
2015-04-14,31.480000,31.570000,31.250000,31.379999,26.300789,500300
2015-04-15,31.100000,31.299999,30.770000,31.070000,26.675735,46000
2015-04-16,30.770000,31.059999,30.680000,30.850000,26.486849,283000
2015-04-17,30.850000,30.889999,30.610001,30.809999,26.452505,81500
2015-04-20,30.299999,30.549999,30.280001,30.340000,26.048979,59500
2015-04-21,30.450001,30.690001,30.389999,30.549999,26.229280,282200
2015-04-22,30.420000,30.690001,30.209999,30.580000,26.255033,395800
2015-04-23,30.200001,30.530001,30.110001,30.510000,26.194941,158500
2015-04-24,31.370001,31.469999,31.129999,31.180000,26.770180,475500
2015-04-27,31.330000,31.459999,31.250000,31.270000,26.847450,108600
2015-04-28,31.049999,31.270000,31.000000,31.170000,26.761591,108400
2015-04-29,31.490000,31.700001,31.330000,31.590000,27.122192,170300
2015-04-30,31.400000,31.420000,31.100000,31.320000,26.890379,63700
2015-05-01,30.639999,30.750000,30.400000,30.690001,26.349478,106400
2015-05-04,30.400000,30.760000,30.400000,30.660000,26.323721,43400
2015-05-05,30.830000,30.910000,30.530001,30.530001,26.212109,43600
2015-05-06,30.559999,30.790001,30.400000,30.580000,26.255033,39500
2015-05-07,30.480000,30.610001,30.320000,30.590000,26.263624,45400
2015-05-08,31.700001,31.770000,31.430000,31.469999,27.019163,1957000
2015-05-11,31.809999,31.980000,31.680000,31.879999,27.371176,261900
2015-05-12,31.330000,31.400000,31.139999,31.280001,26.856037,36300
2015-05-13,31.389999,31.719999,31.320000,31.540001,27.079264,171200
2015-05-14,31.580000,31.900000,31.580000,31.850000,27.345419,30500
2015-05-15,31.750000,31.990000,31.719999,31.820000,27.319664,30800
2015-05-18,31.540001,31.770000,31.370001,31.610001,27.139362,42400
2015-05-19,31.490000,31.690001,31.420000,31.620001,27.147949,75600
2015-05-20,31.520000,31.799999,31.520000,31.750000,27.259563,66000
2015-05-21,32.139999,32.250000,32.119999,32.200001,27.645916,73700
2015-05-22,32.070000,32.209999,31.900000,32.040001,27.508545,96700
2015-05-26,32.009998,32.009998,31.530001,31.629999,27.156532,49100
2015-05-27,32.070000,32.200001,32.029999,32.110001,27.568649,30200
2015-05-28,31.969999,32.029999,31.809999,32.020000,27.491377,145000
2015-05-29,31.830000,31.830000,31.440001,31.620001,27.147949,32000
2015-06-01,31.500000,31.680000,31.299999,31.459999,27.010576,41000
2015-06-02,31.350000,31.540001,31.270000,31.370001,26.933304,34300
2015-06-03,31.469999,31.670000,31.340000,31.510000,27.053509,40500
2015-06-04,31.139999,31.240000,30.879999,30.990000,26.607050,80800
2015-06-05,30.400000,30.549999,30.280001,30.400000,26.100494,41800
2015-06-08,30.280001,30.360001,30.190001,30.230000,25.954536,99600
2015-06-09,30.030001,30.120001,29.850000,30.010000,25.765650,32600
2015-06-10,30.400000,30.730000,30.320000,30.700001,26.358063,35100
2015-06-11,30.440001,30.570000,30.340000,30.490000,26.177763,39000
2015-06-12,30.320000,30.540001,30.230000,30.350000,26.057566,41300
2015-06-15,30.059999,30.170000,29.959999,30.080000,25.825754,58700
2015-06-16,30.030001,30.129999,29.950001,30.040001,25.791410,42100
2015-06-17,29.889999,30.110001,29.629999,29.930000,25.696966,31900
2015-06-18,29.889999,30.129999,29.790001,29.930000,25.696966,69500
2015-06-19,30.129999,30.260000,29.980000,29.980000,25.739895,47600
2015-06-22,30.190001,30.340000,30.139999,30.200001,25.928782,45200
2015-06-23,30.049999,30.100000,29.719999,29.809999,25.593937,34300
2015-06-24,30.200001,30.250000,29.980000,29.980000,25.739895,45800
2015-06-25,29.920000,29.950001,29.820000,29.820000,25.602522,37000
2015-06-26,29.480000,29.559999,29.280001,29.379999,25.224752,26700
2015-06-29,29.270000,29.320000,28.809999,28.809999,24.735369,83300
2015-06-30,28.750000,28.750000,28.160000,28.370001,24.357601,453000
2015-07-01,28.700001,28.719999,28.379999,28.410000,24.391939,143600
2015-07-02,28.320000,28.400000,28.180000,28.200001,24.211645,82900
2015-07-06,28.270000,28.400000,28.219999,28.230000,24.237400,96500
2015-07-07,27.950001,28.040001,27.440001,27.950001,23.997000,47700
2015-07-08,28.260000,28.330000,28.100000,28.110001,24.134373,61300
2015-07-09,28.629999,28.799999,28.580000,28.580000,24.537897,70800
2015-07-10,29.330000,29.500000,29.270000,29.450001,25.284853,40400
2015-07-13,29.799999,30.110001,29.799999,29.879999,25.654039,63200
2015-07-14,30.000000,30.200001,30.000000,30.200001,25.928782,140500
2015-07-15,30.190001,30.379999,30.139999,30.270000,25.988880,61300
2015-07-16,30.280001,30.340000,30.180000,30.260000,25.980291,33700
2015-07-17,30.000000,30.200001,29.940001,30.180000,25.911610,54800
2015-07-20,30.010000,30.120001,29.889999,29.930000,25.696966,40900
2015-07-21,29.600000,29.650000,29.309999,29.350000,25.198996,52200
2015-07-22,29.270000,29.389999,29.219999,29.290001,25.147480,43000
2015-07-23,29.010000,29.010000,28.639999,28.670000,24.615171,101100
2015-07-24,28.750000,28.799999,28.350000,28.469999,24.443457,81800
2015-07-27,28.540001,28.660000,28.450001,28.510000,24.477798,32300
2015-07-28,28.700001,28.790001,28.650000,28.790001,24.718201,51700
2015-07-29,29.120001,29.389999,29.100000,29.309999,25.164656,190100
2015-07-30,29.719999,29.730000,29.340000,29.440001,25.276268,88100
2015-07-31,30.000000,30.080000,29.840000,29.990000,25.748484,64200
2015-08-03,29.590000,29.760000,29.450001,29.620001,25.430809,83000
2015-08-04,29.629999,29.650000,29.389999,29.450001,25.284853,194600
2015-08-05,29.410000,29.559999,29.340000,29.350000,25.198996,110200
2015-08-06,29.180000,29.299999,29.090000,29.280001,25.138901,86400
2015-08-07,29.049999,29.290001,29.049999,29.200001,25.070215,34000
2015-08-10,29.200001,29.580000,29.200001,29.520000,25.344955,73000
2015-08-11,29.059999,29.180000,29.010000,29.139999,25.018698,41700
2015-08-12,28.700001,29.070000,28.580000,29.000000,24.898499,35600
2015-08-13,28.900000,29.260000,28.850000,29.219999,25.087381,49100
2015-08-14,29.299999,29.500000,29.200001,29.450001,25.284853,42400
2015-08-17,29.230000,29.309999,29.100000,29.290001,25.147480,41800
2015-08-18,29.330000,29.410000,29.190001,29.360001,25.207582,140200
2015-08-19,28.950001,28.990000,28.700001,28.940001,24.846983,51600
2015-08-20,28.639999,28.709999,28.450001,28.450001,24.426283,57900
2015-08-21,28.180000,28.290001,27.650000,27.790001,23.859631,61300
2015-08-24,27.110001,27.680000,26.490000,27.270000,23.413174,139600
2015-08-25,27.990000,28.010000,27.230000,27.430000,23.550543,79100
2015-08-26,27.680000,27.750000,26.860001,27.400000,23.524792,67900
2015-08-27,27.480000,27.690001,27.309999,27.600000,23.696505,65600
2015-08-28,27.590000,27.889999,27.480000,27.889999,23.945486,69900
2015-08-31,27.889999,27.940001,27.440001,27.559999,23.662159,64100
2015-09-01,27.080000,27.260000,26.840000,26.990000,23.172773,56000
2015-09-02,27.370001,27.450001,27.110001,27.450001,23.567717,56300
2015-09-03,27.610001,27.639999,27.370001,27.420000,23.541958,154000
2015-09-04,26.900000,26.969999,26.700001,26.889999,23.086918,61700
2015-09-08,27.299999,27.480000,27.200001,27.340000,23.473272,68400
2015-09-09,27.700001,27.780001,27.209999,27.230000,23.378830,71200
2015-09-10,27.250000,27.500000,27.200001,27.320000,23.456102,293700
2015-09-11,27.559999,27.940001,27.549999,27.910000,23.962658,44100
2015-09-14,27.740000,27.969999,27.629999,27.780001,23.851042,151700
2015-09-15,27.660000,27.980000,27.660000,27.959999,24.005587,945800
2015-09-16,27.860001,28.180000,27.840000,28.090000,24.117201,195700
2015-09-17,27.629999,28.080000,27.500000,27.740000,23.816700,62600
2015-09-18,27.209999,27.459999,27.209999,27.299999,23.438929,38000
2015-09-21,27.209999,27.280001,27.020000,27.090000,23.258631,43900
2015-09-22,26.389999,26.450001,26.059999,26.290001,22.571779,77600
2015-09-23,26.530001,26.530001,26.160000,26.200001,22.494505,75300
2015-09-24,26.120001,26.260000,26.049999,26.230000,22.520262,74200
2015-09-25,26.629999,26.670000,26.400000,26.500000,22.752075,80100
2015-09-28,26.959999,27.049999,26.570000,26.660000,22.889446,158000
2015-09-29,26.559999,26.559999,26.280001,26.450001,22.709146,226100
2015-09-30,27.120001,27.120001,26.850000,27.010000,23.189945,85600
2015-10-01,26.969999,27.020000,26.620001,26.940001,23.129847,77000
2015-10-02,26.879999,27.309999,26.760000,27.270000,23.413174,204100
2015-10-05,27.850000,28.000000,27.709999,27.820000,23.885386,88100
2015-10-06,27.940001,28.170000,27.850000,27.920000,23.971245,80300
2015-10-07,28.389999,28.540001,28.180000,28.400000,24.383360,48400
2015-10-08,28.420000,28.860001,28.420000,28.860001,24.778299,513100
2015-10-09,28.770000,28.820000,28.639999,28.680000,24.623758,36500
2015-10-12,28.309999,28.480000,28.250000,28.330000,24.323254,49100
2015-10-13,27.700001,28.120001,27.690001,27.820000,23.885386,35100
2015-10-14,27.790001,27.920000,27.740000,27.830000,23.893974,40500
2015-10-15,27.889999,28.200001,27.879999,28.139999,24.160126,78100
2015-10-16,27.959999,28.200001,27.860001,28.120001,24.142958,59600
2015-10-19,27.990000,27.990000,27.730000,27.809999,23.876799,34000
2015-10-20,27.650000,27.840000,27.620001,27.709999,23.790941,34900
2015-10-21,27.500000,27.570000,27.250000,27.250000,23.830038,29700
2015-10-22,27.190001,27.650000,27.190001,27.610001,24.144857,49000
2015-10-23,28.020000,28.090000,27.670000,27.780001,24.293520,56500
2015-10-26,28.000000,28.000000,27.799999,27.820000,24.328501,27400
2015-10-27,27.170000,27.200001,26.840000,26.910000,23.532709,98000
2015-10-28,26.830000,27.110001,26.709999,26.990000,23.602669,85200
2015-10-29,26.500000,26.850000,26.500000,26.790001,23.427771,100700
2015-10-30,27.280001,27.280001,26.980000,27.049999,23.655136,81600
2015-11-02,27.420000,27.469999,27.280001,27.440001,23.996191,146000
2015-11-03,27.190001,27.549999,27.100000,27.450001,24.004938,57600
2015-11-04,27.750000,27.750000,27.309999,27.440001,23.996191,217900
2015-11-05,26.680000,26.770000,26.590000,26.610001,23.270361,68100
2015-11-06,26.840000,27.030001,26.750000,26.780001,23.419024,110300
2015-11-09,26.930000,26.950001,26.549999,26.709999,23.357807,79700
2015-11-10,26.350000,26.559999,26.320000,26.469999,23.147930,56400
2015-11-11,26.639999,26.730000,26.459999,26.629999,23.287849,80700
2015-11-12,27.700001,27.850000,27.510000,27.549999,24.092384,74900
2015-11-13,27.370001,27.650000,27.350000,27.490000,24.039919,49800
2015-11-16,28.070000,28.490000,27.990000,28.480000,24.905666,89200
2015-11-17,28.860001,28.879999,28.559999,28.700001,25.098057,82000
2015-11-18,29.059999,29.120001,28.900000,29.080000,25.430367,115900
2015-11-19,29.600000,29.780001,29.590000,29.660000,25.937574,67200
2015-11-20,29.940001,30.049999,29.740000,29.740000,26.007534,47700
2015-11-23,30.150000,30.330000,29.920000,30.000000,26.234905,1502200
2015-11-24,30.100000,30.340000,30.070000,30.250000,26.453529,1727900
2015-11-25,30.639999,30.750000,30.469999,30.700001,26.847052,36500
2015-11-27,31.240000,31.350000,31.150000,31.230000,27.310534,24100
2015-11-30,31.200001,31.330000,30.900000,31.000000,27.109400,98400
2015-12-01,31.049999,31.209999,30.920000,31.180000,27.266811,498600
2015-12-02,30.790001,30.850000,30.379999,30.530001,26.698389,71900
2015-12-03,30.910000,30.910000,30.389999,30.510000,26.680899,65400
2015-12-04,30.650000,30.850000,30.540001,30.850000,26.978226,67700
2015-12-07,30.799999,30.820000,30.450001,30.559999,26.724621,79700
2015-12-08,29.950001,30.180000,29.920000,30.000000,26.234905,104400
2015-12-09,30.330000,30.580000,30.080000,30.200001,26.409803,105200
2015-12-10,30.320000,30.389999,30.040001,30.040001,26.269884,143600
2015-12-11,29.790001,29.910000,29.500000,29.610001,25.893850,194900
2015-12-14,29.650000,29.700001,29.129999,29.309999,25.631502,153600
2015-12-15,29.680000,29.770000,29.290001,29.290001,25.614010,291300
2015-12-16,29.490000,29.830000,29.410000,29.610001,25.893850,102800
2015-12-17,29.709999,29.709999,29.379999,29.440001,25.745186,83500
2015-12-18,29.559999,29.559999,29.080000,29.139999,25.482836,94800
2015-12-21,29.549999,29.750000,29.139999,29.430000,25.736443,86100
2015-12-22,29.250000,29.450001,29.160000,29.410000,25.718950,49500
2015-12-23,29.549999,29.820000,29.549999,29.750000,26.016279,55900
2015-12-24,29.690001,29.990000,29.600000,29.790001,26.051262,27200
2015-12-28,29.790001,29.790001,29.469999,29.580000,25.867613,48700
2015-12-29,29.830000,30.049999,29.830000,30.049999,26.278627,22900
2015-12-30,29.860001,30.010000,29.809999,29.889999,26.138708,28900
2015-12-31,29.500000,29.730000,29.379999,29.459999,25.762674,24600
2016-01-04,29.129999,29.250000,28.750000,29.160000,25.500328,38400
2016-01-05,28.780001,29.070000,28.750000,29.020000,25.377897,54400
2016-01-06,29.480000,29.990000,29.370001,29.760000,26.025024,92900
2016-01-07,29.540001,29.540001,29.150000,29.260000,25.587776,212600
2016-01-08,29.540001,30.980000,29.540001,29.940001,26.182436,61400
2016-01-11,31.070000,31.129999,30.420000,30.629999,26.785835,209500
2016-01-12,29.940001,30.200001,29.840000,30.160000,26.374825,91100
2016-01-13,30.190001,30.260000,29.709999,29.709999,25.981302,92300
2016-01-14,29.730000,30.129999,29.530001,30.010000,26.243650,111500
2016-01-15,29.200001,29.410000,28.879999,29.090000,25.439112,85300
2016-01-19,28.610001,28.700001,28.350000,28.420000,24.853199,272500
2016-01-20,28.350000,28.350000,27.450001,27.730000,24.249796,1337100
2016-01-21,27.219999,27.500000,26.959999,27.209999,23.795055,111200
2016-01-22,28.080000,28.320000,28.059999,28.299999,24.748260,51100
2016-01-25,28.340000,28.400000,28.010000,28.100000,24.573360,63700
2016-01-26,28.510000,28.950001,28.480000,28.950001,25.316683,63000
2016-01-27,28.620001,29.049999,28.400000,28.549999,24.966881,91000
2016-01-28,29.209999,29.209999,28.860001,29.059999,25.412876,68900
2016-01-29,29.230000,29.629999,29.100000,29.590000,25.876360,80000
2016-02-01,28.980000,29.410000,28.850000,29.360001,25.675226,156400
2016-02-02,28.680000,28.820000,28.520000,28.570000,24.984373,50500
2016-02-03,28.650000,28.680000,28.190001,28.629999,25.036842,95500
2016-02-04,28.230000,28.660000,28.219999,28.490000,24.914413,43800
2016-02-05,28.040001,28.049999,27.629999,27.770000,24.284777,28300
2016-02-08,27.150000,27.200001,26.770000,27.150000,23.742588,43800
2016-02-09,26.780001,27.280001,26.780001,27.160000,23.751333,72600
2016-02-10,27.240000,27.330000,27.180000,27.219999,23.803801,41600
2016-02-11,26.660000,26.910000,26.500000,26.740000,23.384045,42200
2016-02-12,26.780001,27.240000,26.660000,27.209999,23.795055,149000
2016-02-16,27.840000,27.950001,27.629999,27.950001,24.442186,34400
2016-02-17,28.280001,28.620001,28.280001,28.459999,24.888180,44300
2016-02-18,29.100000,29.219999,28.850000,28.850000,25.229231,70900
2016-02-19,28.610001,29.080000,28.580000,29.000000,25.360409,27900
2016-02-22,28.650000,28.969999,28.590000,28.850000,25.229231,52200
2016-02-23,28.709999,28.750000,28.450001,28.559999,24.975628,41600
2016-02-24,28.020000,28.450001,27.920000,28.440001,24.870689,316800
2016-02-25,28.450001,28.830000,28.350000,28.629999,25.036842,41100
2016-02-26,28.530001,28.610001,28.240000,28.260000,24.713280,57400
2016-02-29,28.330000,28.670000,28.240000,28.299999,24.748260,48800
2016-03-01,28.250000,28.670000,28.170000,28.600000,25.010611,48800
2016-03-02,28.370001,28.459999,28.250000,28.330000,24.774492,47100
2016-03-03,28.420000,28.420000,28.100000,28.330000,24.774492,55700
2016-03-04,28.500000,28.820000,28.500000,28.629999,25.036842,93100
2016-03-07,28.250000,28.559999,28.200001,28.330000,24.774492,92800
2016-03-08,28.270000,28.270000,28.059999,28.110001,24.582106,118600
2016-03-09,28.530001,28.530001,28.320000,28.320000,24.765749,91700
2016-03-10,28.530001,28.799999,28.030001,28.150000,24.617085,59800
2016-03-11,28.530001,28.639999,28.420000,28.459999,24.888180,66400
2016-03-14,28.500000,28.510000,28.340000,28.340000,24.783239,81100
2016-03-15,27.990000,28.160000,27.950001,28.150000,24.617085,61000
2016-03-16,27.910000,28.620001,27.910000,28.549999,24.966881,70000
2016-03-17,29.049999,29.469999,29.000000,29.260000,25.587776,63300
2016-03-18,29.059999,29.160000,28.719999,28.719999,25.115545,36300
2016-03-21,28.570000,28.719999,28.500000,28.629999,25.036842,62900
2016-03-22,28.230000,28.420000,28.200001,28.270000,24.722025,72500
2016-03-23,28.469999,28.530001,28.370001,28.500000,24.923157,34100
2016-03-24,28.139999,28.340000,28.120001,28.330000,24.774492,65900
2016-03-28,28.600000,28.629999,28.330000,28.410000,24.844452,38400
2016-03-29,28.690001,29.360001,28.660000,29.260000,25.587776,125900
2016-03-30,29.650000,29.690001,29.340000,29.500000,25.797659,44200
2016-03-31,29.360001,29.400000,29.200001,29.219999,25.552795,28000
2016-04-01,28.330000,28.570000,28.139999,28.510000,24.931904,130500
2016-04-04,28.740000,28.750000,28.520000,28.549999,24.966881,34800
2016-04-05,28.100000,28.110001,27.830000,27.920000,24.415951,77600
2016-04-06,27.790001,28.030001,27.700001,28.010000,24.494656,79300
2016-04-07,27.770000,27.870001,27.510000,27.549999,24.092384,516800
2016-04-08,28.250000,28.250000,28.049999,28.160000,24.625832,27400
2016-04-11,28.430000,28.559999,28.280001,28.280001,24.730768,42900
2016-04-12,28.490000,28.709999,28.389999,28.690001,25.089312,104900
2016-04-13,28.549999,28.639999,28.510000,28.600000,25.010611,165000
2016-04-14,28.760000,28.889999,28.740000,28.840000,25.220486,52100
2016-04-15,28.840000,29.100000,28.840000,28.950001,25.316683,31300
2016-04-18,28.930000,29.150000,28.930000,29.020000,25.377897,68800
2016-04-19,29.799999,29.850000,29.680000,29.690001,25.963810,49900
2016-04-20,28.900000,28.910000,28.480000,28.559999,25.595736,109300
2016-04-21,28.250000,28.629999,28.170000,28.350000,25.407532,53500
2016-04-22,28.209999,28.320000,28.000000,28.219999,25.291023,35000
2016-04-25,28.410000,28.469999,28.240000,28.290001,25.353764,47300
2016-04-26,28.410000,28.430000,28.100000,28.190001,25.264139,89200
2016-04-27,28.379999,28.379999,28.209999,28.340000,25.398569,67400
2016-04-28,27.809999,28.200001,27.799999,27.920000,25.022163,163400
2016-04-29,27.969999,28.040001,27.740000,27.940001,25.040089,60100
2016-05-02,27.950001,28.150000,27.910000,28.110001,25.192446,71100
2016-05-03,27.639999,27.760000,27.549999,27.750000,24.869810,68300
2016-05-04,27.590000,27.830000,27.590000,27.780001,24.896696,137700
2016-05-05,27.740000,27.930000,27.650000,27.830000,24.941504,39600
2016-05-06,27.980000,28.350000,27.950001,28.290001,25.353764,39600
2016-05-09,28.260000,28.450001,28.190001,28.430000,25.479233,422300
2016-05-10,28.290001,28.430000,28.230000,28.309999,25.371685,190800
2016-05-11,28.320000,28.379999,28.139999,28.270000,25.335835,181000
2016-05-12,28.570000,28.600000,28.129999,28.250000,25.317913,78800
2016-05-13,27.850000,28.070000,27.790001,27.790001,24.905657,58700
2016-05-16,27.850000,28.330000,27.840000,28.299999,25.362722,43100
2016-05-17,28.100000,28.219999,27.950001,28.010000,25.102821,44200
2016-05-18,27.940001,28.250000,27.879999,28.070000,25.156593,38500
2016-05-19,27.830000,28.129999,27.760000,28.020000,25.111784,34800
2016-05-20,28.059999,28.150000,27.940001,28.000000,25.093861,22800
2016-05-23,27.900000,27.900000,27.690001,27.790001,24.905657,30900
2016-05-24,28.059999,28.340000,28.000000,28.290001,25.353764,32400
2016-05-25,28.110001,28.400000,28.049999,28.299999,25.362722,26600
2016-05-26,28.240000,28.350000,28.209999,28.309999,25.371685,40000
2016-05-27,28.299999,28.350000,28.170000,28.200001,25.273100,59400
2016-05-31,28.320000,28.389999,27.850000,27.990000,25.084896,74300
2016-06-01,27.950001,28.180000,27.920000,28.080000,25.165558,66900
2016-06-02,28.360001,28.600000,28.330000,28.450001,25.497156,69300
2016-06-03,28.490000,28.610001,28.280001,28.540001,25.577814,93400
2016-06-06,28.280001,28.510000,28.270000,28.340000,25.398569,77200
2016-06-07,28.639999,28.750000,28.590000,28.629999,25.658470,242700
2016-06-08,28.490000,28.650000,28.420000,28.500000,25.541965,96400
2016-06-09,28.230000,28.290001,28.010000,28.030001,25.120747,86900
2016-06-10,27.600000,27.850000,27.070000,27.180000,24.358969,78700
2016-06-13,27.139999,27.230000,26.820000,26.900000,24.108030,85500
2016-06-14,26.770000,26.920000,26.690001,26.780001,24.000484,80100
2016-06-15,27.120001,27.190001,26.850000,26.900000,24.108030,122500
2016-06-16,26.799999,27.260000,26.530001,27.260000,24.430666,83300
2016-06-17,27.410000,27.660000,27.240000,27.580000,24.717451,207100
2016-06-20,29.020000,29.070000,28.799999,28.889999,25.891487,102300
2016-06-21,29.180000,29.320000,29.090000,29.129999,26.106577,132800
2016-06-22,29.330000,29.709999,29.330000,29.490000,26.429211,61200
2016-06-23,29.870001,30.000000,29.570000,30.000000,26.886278,70500
2016-06-24,26.590000,26.879999,25.910000,26.080000,23.373137,491900
2016-06-27,24.850000,25.090000,24.520000,24.879999,22.297686,404500
2016-06-28,25.809999,26.170000,25.750000,26.170000,23.453798,226200
2016-06-29,26.770000,27.450001,26.680000,27.180000,24.358969,90200
2016-06-30,27.540001,28.309999,27.540001,28.309999,25.371685,113400
2016-07-01,28.350000,28.450001,28.160000,28.440001,25.488194,48500
2016-07-05,27.920000,28.030001,27.780001,28.030001,25.120747,92400
2016-07-06,27.330000,27.600000,27.080000,27.580000,24.717451,201400
2016-07-07,27.860001,27.900000,27.250000,27.469999,24.618870,68100
2016-07-08,27.879999,28.040001,27.799999,27.900000,25.004238,63000
2016-07-11,28.309999,28.500000,28.230000,28.420000,25.470268,87600
2016-07-12,28.510000,28.879999,28.379999,28.830000,25.837713,1196100
2016-07-13,28.709999,28.910000,28.549999,28.700001,25.721207,59100
2016-07-14,28.670000,28.889999,28.580000,28.850000,25.855639,80700
2016-07-15,28.740000,28.740000,28.209999,28.469999,25.515079,48900
2016-07-18,28.450001,28.600000,28.370001,28.370001,25.425461,60400
2016-07-19,28.139999,28.469999,28.139999,28.400000,25.452345,61000
2016-07-20,28.520000,28.760000,28.459999,28.500000,25.541965,134300
2016-07-21,28.250000,28.480000,28.209999,28.299999,25.362722,529800
2016-07-22,27.900000,28.090000,27.790001,27.969999,25.066975,92300
2016-07-25,27.840000,28.120001,27.770000,28.090000,25.174519,62000
2016-07-26,28.030001,28.209999,28.010000,28.100000,25.183483,86300
2016-07-27,28.379999,28.549999,28.250000,28.410000,25.461304,92400
2016-07-28,28.570000,28.570000,28.219999,28.469999,25.515079,37300
2016-07-29,28.240000,28.450001,28.120001,28.320000,25.380648,40900
2016-08-01,28.200001,28.200001,27.860001,27.889999,24.995275,234700
2016-08-02,28.040001,28.190001,27.930000,28.150000,25.228292,38700
2016-08-03,27.799999,28.040001,27.740000,27.990000,25.084896,90300
2016-08-04,27.770000,27.860001,27.700001,27.799999,24.914618,43000
2016-08-05,27.629999,27.870001,27.600000,27.799999,24.914618,96000
2016-08-08,27.480000,27.660000,27.469999,27.580000,24.717451,37100
2016-08-09,27.260000,27.530001,27.260000,27.340000,24.502363,43800
2016-08-10,27.260000,27.330000,27.129999,27.150000,24.332081,47000
2016-08-11,27.180000,27.530001,27.120001,27.430000,24.583019,30700
2016-08-12,27.690001,27.799999,27.530001,27.530001,24.672642,40800
2016-08-15,27.580000,27.629999,27.480000,27.629999,24.762262,68300
2016-08-16,27.260000,27.389999,27.180000,27.350000,24.511324,41900
2016-08-17,27.309999,27.590000,27.250000,27.420000,24.574059,35000
2016-08-18,27.799999,27.900000,27.740000,27.820000,24.932541,41400
2016-08-19,27.760000,27.879999,27.650000,27.879999,24.986313,48200
2016-08-22,27.650000,27.990000,27.580000,27.860001,24.968391,35600
2016-08-23,28.260000,28.260000,28.059999,28.090000,25.174519,33000
2016-08-24,28.100000,28.290001,27.980000,28.000000,25.093861,44800
2016-08-25,27.820000,28.040001,27.760000,27.820000,24.932541,26300
2016-08-26,28.610001,28.809999,28.160000,28.240000,25.308949,43900
2016-08-29,28.530001,28.530001,28.030001,28.299999,25.362722,43500
2016-08-30,28.340000,28.340000,28.049999,28.090000,25.174519,36900
2016-08-31,28.160000,28.320000,28.120001,28.290001,25.353764,37500
2016-09-01,28.690001,28.750000,28.580000,28.620001,25.649509,30200
2016-09-02,29.129999,29.280001,28.980000,29.090000,26.070728,99600
2016-09-06,29.690001,29.719999,29.360001,29.500000,26.438175,35700
2016-09-07,29.430000,29.590000,29.330000,29.490000,26.429211,31600
2016-09-08,29.450001,29.530001,29.340000,29.389999,26.339592,554700
2016-09-09,29.180000,29.219999,28.959999,29.110001,26.088655,21000
2016-09-12,28.670000,29.330000,28.670000,29.330000,26.285816,26600
2016-09-13,28.940001,29.219999,28.750000,28.930000,25.927334,37100
2016-09-14,28.730000,29.090000,28.730000,29.010000,25.999031,34200
2016-09-15,28.900000,29.219999,28.879999,29.150000,26.124500,65600
2016-09-16,28.340000,28.340000,27.879999,28.049999,25.138670,129500
2016-09-19,28.299999,28.430000,28.160000,28.250000,25.317913,68600
2016-09-20,28.350000,28.480000,28.250000,28.389999,25.443382,28200
2016-09-21,27.740000,27.990000,27.610001,27.990000,25.084896,164600
2016-09-22,27.990000,28.260000,27.990000,28.110001,25.192446,34800
2016-09-23,27.350000,27.350000,27.180000,27.260000,24.430666,50800
2016-09-26,27.049999,27.139999,26.950001,27.020000,24.215576,39300
2016-09-27,26.940001,27.260000,26.910000,27.200001,24.376894,95800
2016-09-28,27.459999,27.650000,27.350000,27.590000,24.726416,36300
2016-09-29,27.270000,27.469999,27.020000,27.059999,24.251421,53500
2016-09-30,27.070000,27.540001,27.070000,27.340000,24.502363,40000
2016-10-03,27.410000,27.500000,27.299999,27.459999,24.609907,45500
2016-10-04,27.969999,28.059999,27.680000,27.680000,24.807074,33500
2016-10-05,27.520000,27.600000,27.450001,27.450001,24.600945,36000
2016-10-06,27.340000,27.360001,27.139999,27.260000,24.430666,26000
2016-10-07,26.860001,27.059999,26.730000,27.059999,24.251421,29000
2016-10-10,27.010000,27.250000,27.010000,27.059999,24.251421,28400
2016-10-11,26.780001,26.879999,26.230000,26.330000,23.597191,133200
2016-10-12,26.459999,26.540001,26.350000,26.410000,23.668884,39900
2016-10-13,26.000000,26.360001,25.940001,26.200001,23.480684,235000
2016-10-14,26.270000,26.500000,26.270000,26.360001,23.624077,80400
2016-10-17,26.260000,26.360001,26.250000,26.330000,23.597191,63800
2016-10-18,26.830000,26.889999,26.700001,26.740000,23.964636,33400
2016-10-19,26.309999,26.889999,26.309999,26.750000,24.364393,32800
2016-10-20,26.440001,26.610001,26.360001,26.570000,24.200445,30100
2016-10-21,26.190001,26.440001,26.139999,26.350000,24.000067,36400
2016-10-24,26.420000,26.500000,26.270000,26.370001,24.018286,52700
2016-10-25,26.260000,26.360001,26.129999,26.320000,23.972742,42600
2016-10-26,26.180000,26.520000,26.110001,26.410000,24.054712,45200
2016-10-27,26.629999,26.709999,26.350000,26.350000,24.000067,47100
2016-10-28,26.299999,26.410000,26.200001,26.350000,24.000067,43700
2016-10-31,26.290001,26.559999,26.230000,26.500000,24.136690,57800
2016-11-01,26.350000,26.440001,26.180000,26.250000,23.908987,118300
2016-11-02,26.290001,26.350000,26.170000,26.230000,23.890766,57000
2016-11-03,26.950001,26.950001,26.430000,26.719999,24.337069,88900
2016-11-04,26.740000,27.030001,26.600000,26.850000,24.455477,57500
2016-11-07,27.240000,27.309999,27.150000,27.290001,24.856236,84800
2016-11-08,27.299999,27.299999,27.040001,27.180000,24.756046,42200
2016-11-09,28.719999,29.230000,28.610001,29.090000,26.495708,150500
2016-11-10,30.370001,30.860001,30.230000,30.740000,27.998560,364000
2016-11-11,29.790001,30.000000,29.510000,29.809999,27.151501,72200
2016-11-14,29.959999,29.959999,29.490000,29.639999,26.996658,39500
2016-11-15,29.950001,29.959999,29.400000,29.860001,27.197039,289600
2016-11-16,29.790001,29.950001,29.590000,29.879999,27.215256,121900
2016-11-17,29.660000,29.879999,29.540001,29.600000,26.960226,136500
2016-11-18,29.350000,29.350000,29.010000,29.309999,26.696087,51000
2016-11-21,29.740000,29.950001,29.680000,29.940001,27.269905,60800
2016-11-22,29.809999,29.809999,29.530001,29.650000,27.005766,69400
2016-11-23,29.740000,30.059999,29.719999,29.990000,27.315445,27800
2016-11-25,30.080000,30.090000,29.950001,30.049999,27.370092,37600
2016-11-28,30.010000,30.040001,29.809999,29.920000,27.251688,67000
2016-11-29,29.940001,30.150000,29.820000,30.010000,27.333662,89000
2016-11-30,30.090000,30.180000,29.850000,30.090000,27.406528,42700
2016-12-01,30.020000,30.170000,29.850000,30.020000,27.342772,58200
2016-12-02,29.780001,30.260000,29.780001,30.110001,27.424744,93900
2016-12-05,30.360001,30.600000,30.340000,30.540001,27.816395,127000
2016-12-06,30.480000,30.510000,30.309999,30.330000,27.625122,54300
2016-12-07,30.340000,30.700001,30.209999,30.670000,27.934803,217000
2016-12-08,30.559999,30.629999,30.090000,30.379999,27.670666,91500
2016-12-09,30.200001,30.430000,30.160000,30.360001,27.652447,51900
2016-12-12,30.150000,30.469999,29.700001,29.879999,27.215256,48700
2016-12-13,30.000000,30.510000,30.000000,30.400000,27.688879,50800
2016-12-14,30.070000,30.200001,29.580000,29.660000,27.014875,36400
2016-12-15,29.110001,29.530001,29.059999,29.350000,26.732521,93800
2016-12-16,29.540001,29.730000,29.459999,29.570000,26.932901,48300
2016-12-19,29.420000,29.600000,29.420000,29.459999,26.832712,131200
2016-12-20,29.299999,29.629999,29.190001,29.610001,26.969336,61800
2016-12-21,29.500000,29.570000,29.309999,29.379999,26.759846,953900
2016-12-22,29.100000,29.170000,28.940001,28.990000,26.404627,724500
2016-12-23,29.100000,29.590000,28.860001,29.139999,26.541248,268900
2016-12-27,29.430000,29.660000,29.000000,29.180000,26.577684,29600
2016-12-28,29.219999,29.379999,29.129999,29.219999,26.614115,37200
2016-12-29,28.870001,29.129999,28.850000,29.129999,26.532141,32000
2016-12-30,29.209999,29.750000,28.650000,29.030001,26.441061,31300
2017-01-03,28.950001,29.070000,28.760000,28.879999,26.304438,38200
2017-01-04,28.650000,28.870001,28.580000,28.870001,26.295330,45100
2017-01-05,28.900000,29.250000,28.889999,29.250000,26.641441,46200
2017-01-06,29.820000,29.820000,29.629999,29.639999,26.996658,78300
2017-01-09,28.850000,29.180000,28.830000,29.040001,26.450171,70500
2017-01-10,29.480000,29.870001,29.469999,29.719999,27.069523,33100
2017-01-11,29.590000,29.879999,29.440001,29.799999,27.142389,31700
2017-01-12,30.260000,30.280001,29.980000,30.190001,27.497608,60700
2017-01-13,29.650000,29.910000,29.580000,29.719999,27.069523,47100
2017-01-17,30.030001,30.150000,29.770000,29.950001,27.279015,43700
2017-01-18,29.660000,29.809999,29.600000,29.709999,27.060415,84900
2017-01-19,29.730000,29.780001,29.530001,29.670000,27.023985,45500
2017-01-20,29.559999,29.750000,29.559999,29.670000,27.023985,64100
2017-01-23,29.950001,30.170000,29.850000,30.170000,27.479395,36100
2017-01-24,29.910000,30.129999,29.870001,30.070000,27.388309,61800
2017-01-25,30.500000,30.500000,30.330000,30.469999,27.752636,116800
2017-01-26,29.940001,30.160000,29.940001,29.990000,27.315445,63500
2017-01-27,29.770000,29.900000,29.700001,29.889999,27.224363,86600
2017-01-30,29.350000,29.420000,29.240000,29.389999,26.768955,50000
2017-01-31,29.280001,29.490000,29.180000,29.490000,26.860035,182900
2017-02-01,29.469999,29.610001,29.370001,29.610001,26.969336,214200
2017-02-02,29.490000,29.540001,29.200001,29.340000,26.723413,127100
2017-02-03,29.309999,29.320000,29.139999,29.150000,26.550358,153600
2017-02-06,29.400000,29.400000,29.230000,29.320000,26.705198,32300
2017-02-07,29.639999,29.950001,29.530001,29.900000,27.233471,35300
2017-02-08,30.020000,30.129999,29.969999,30.100000,27.415638,565300
2017-02-09,29.940001,30.150000,29.940001,30.049999,27.370092,41000
2017-02-10,30.230000,30.719999,30.230000,30.680000,27.943911,44000
2017-02-13,30.889999,31.100000,30.750000,31.100000,28.326454,56800
2017-02-14,30.219999,30.440001,30.190001,30.379999,27.670666,60500
2017-02-15,30.059999,30.500000,30.010000,30.430000,27.716206,47800
2017-02-16,30.330000,30.330000,30.139999,30.299999,27.597799,42400
2017-02-17,30.139999,30.309999,30.070000,30.209999,27.515825,54300
2017-02-21,30.230000,30.549999,30.230000,30.510000,27.789072,232600
2017-02-22,30.129999,30.430000,30.010000,30.340000,27.634232,80300
2017-02-23,30.610001,30.809999,30.490000,30.750000,28.007668,60000
2017-02-24,30.490000,30.860001,30.490000,30.830000,28.080532,37200
2017-02-27,30.700001,31.000000,30.620001,30.950001,28.189831,54100
2017-02-28,31.379999,31.660000,31.370001,31.420000,28.617916,103100
2017-03-01,31.410000,31.750000,31.410000,31.629999,28.809185,55300
2017-03-02,31.969999,32.150002,31.920000,32.070000,29.209949,48900
2017-03-03,31.570000,32.150002,31.469999,31.879999,29.036890,79900
2017-03-06,31.809999,31.879999,31.709999,31.780001,28.945810,42800
2017-03-07,31.639999,31.730000,31.549999,31.670000,28.845621,73900
2017-03-08,31.719999,31.930000,31.670000,31.840000,29.000458,53200
2017-03-09,31.700001,31.700001,31.410000,31.570000,28.754538,80700
2017-03-10,31.360001,31.490000,31.250000,31.400000,28.599699,158000
2017-03-13,31.410000,31.530001,31.400000,31.459999,28.654348,62800
2017-03-14,31.260000,31.360001,31.090000,31.360001,28.563269,80100
2017-03-15,31.549999,31.959999,31.420000,31.959999,29.109758,37600
2017-03-16,32.119999,32.200001,32.029999,32.200001,29.328356,48000
2017-03-17,32.169998,32.400002,32.070000,32.389999,29.501410,37900
2017-03-20,32.509998,32.570000,32.349998,32.369999,29.483192,54600
2017-03-21,32.470001,32.639999,32.340000,32.410000,29.519627,87700
2017-03-22,32.200001,32.570000,32.160000,32.540001,29.638033,46400
2017-03-23,32.669998,33.000000,32.669998,32.930000,29.993250,60800
2017-03-24,32.900002,32.970001,32.799999,32.910000,29.975035,39400
2017-03-27,32.490002,32.669998,32.389999,32.529999,29.628923,100100
2017-03-28,32.660000,32.889999,32.660000,32.820000,29.893061,29200
2017-03-29,32.320000,32.529999,32.240002,32.509998,29.610706,181900
2017-03-30,32.650002,33.020000,32.650002,32.990002,30.047905,40100
2017-03-31,32.470001,32.540001,32.360001,32.459999,29.565166,97500
2017-04-03,32.130001,32.209999,31.840000,32.020000,29.164408,32600
2017-04-04,32.250000,32.259998,32.090000,32.209999,29.337461,30100
2017-04-05,32.049999,32.099998,31.920000,31.959999,29.109758,61200
2017-04-06,31.969999,32.000000,31.719999,31.730000,28.900270,334700
2017-04-07,32.439999,32.509998,32.090000,32.209999,29.337461,306500
2017-04-10,32.029999,32.040001,31.820000,31.940001,29.091541,74200
2017-04-11,32.080002,32.240002,31.980000,32.189999,29.319244,69200
2017-04-12,32.639999,32.720001,32.349998,32.560001,29.656252,45500
2017-04-13,32.290001,32.470001,32.169998,32.220001,29.346571,30100
2017-04-17,32.220001,32.599998,32.040001,32.480000,29.583382,40000
2017-04-18,32.459999,32.980000,32.369999,32.959999,30.020578,65500
2017-04-19,31.900000,32.209999,31.820000,31.840000,29.542633,77000
2017-04-20,31.879999,32.110001,31.799999,32.110001,29.793152,38900
2017-04-21,31.910000,32.150002,31.860001,32.119999,29.802429,64800
2017-04-24,32.349998,32.509998,32.290001,32.490002,30.145737,78700
2017-04-25,32.470001,32.880001,32.470001,32.750000,30.386974,79800
2017-04-26,32.660000,33.060001,32.599998,33.020000,30.637493,120200
2017-04-27,32.900002,33.009998,32.660000,32.880001,30.507595,33800
2017-04-28,32.660000,32.750000,32.540001,32.720001,30.359138,84100
2017-05-01,32.730000,32.730000,32.529999,32.599998,30.247795,114100
2017-05-02,32.849998,33.180000,32.830002,33.180000,30.785948,94400
2017-05-03,32.880001,33.000000,32.799999,32.900002,30.526152,46400
2017-05-04,32.959999,33.060001,32.750000,33.009998,30.628214,33700
2017-05-05,33.540001,33.869999,33.520000,33.840000,31.398327,35100
2017-05-08,33.220001,33.320000,33.119999,33.299999,30.897287,35400
2017-05-09,33.340000,33.520000,33.299999,33.450001,31.036467,56800
2017-05-10,33.099998,33.279999,33.029999,33.279999,30.878733,46300
2017-05-11,32.930000,33.330002,32.860001,33.240002,30.841621,35200
2017-05-12,32.919998,33.160000,32.869999,33.090000,30.702442,41200
2017-05-15,32.980000,33.060001,32.889999,33.020000,30.637493,41700
2017-05-16,33.380001,33.720001,33.290001,33.470001,31.055025,40600
2017-05-17,33.299999,33.299999,33.009998,33.169998,30.776667,42100
2017-05-18,33.250000,33.369999,33.000000,33.150002,30.758116,93200
2017-05-19,33.529999,33.770000,33.450001,33.669998,31.240591,70100
2017-05-22,33.779999,33.930000,33.619999,33.700001,31.268431,32300
2017-05-23,33.700001,33.799999,33.599998,33.610001,31.184921,71700
2017-05-24,34.139999,34.139999,33.840000,33.939999,31.491114,59000
2017-05-25,34.230000,34.419998,34.180000,34.419998,31.936478,33600
2017-05-26,34.450001,34.529999,34.380001,34.500000,32.010704,63100
2017-05-30,34.279999,34.610001,34.270000,34.610001,32.112770,106800
2017-05-31,34.549999,34.779999,34.490002,34.770000,32.261227,55900
2017-06-01,34.779999,35.230000,34.779999,35.099998,32.567413,44800
2017-06-02,34.820000,35.009998,34.810001,35.000000,32.474628,51600
2017-06-05,34.849998,35.169998,34.849998,35.150002,32.613804,83600
2017-06-06,34.990002,35.230000,34.959999,35.130001,32.595253,140800
2017-06-07,35.020000,35.200001,34.849998,35.180000,32.641640,168600
2017-06-08,34.560001,34.820000,34.509998,34.759998,32.251945,139900
2017-06-09,34.730000,34.910000,34.639999,34.889999,32.372566,49700
2017-06-12,34.180000,34.349998,34.130001,34.290001,31.815855,47900
2017-06-13,34.049999,34.250000,33.930000,34.250000,31.778746,130300
2017-06-14,34.419998,34.419998,34.070000,34.189999,31.723074,38000
2017-06-15,33.759998,34.139999,33.759998,34.099998,31.639570,43900
2017-06-16,34.650002,35.060001,34.580002,35.000000,32.474628,71200
2017-06-19,34.740002,35.070000,34.689999,34.970001,32.446800,46800
2017-06-20,34.919998,34.919998,34.500000,34.650002,32.149883,52600
2017-06-21,34.919998,34.919998,34.619999,34.830002,32.316898,44000
2017-06-22,34.169998,34.209999,33.930000,34.189999,31.723074,74200
2017-06-23,33.650002,33.799999,33.500000,33.639999,31.212755,57400
2017-06-26,33.709999,33.750000,33.580002,33.720001,31.286983,34400
2017-06-27,33.470001,33.520000,33.110001,33.459999,31.045746,162800
2017-06-28,33.439999,33.689999,33.410000,33.689999,31.259151,67100
2017-06-29,33.520000,33.570000,33.310001,33.529999,31.110695,61500
2017-06-30,33.520000,33.619999,33.180000,33.540001,31.119974,155000
2017-07-03,33.169998,33.299999,32.950001,33.130001,30.739559,68400
2017-07-05,32.610001,32.669998,32.500000,32.570000,30.219963,58400
2017-07-06,32.290001,32.349998,32.070000,32.310001,29.978724,68100
2017-07-07,32.349998,32.419998,32.169998,32.419998,30.080784,48800
2017-07-10,32.889999,33.080002,32.770000,33.049999,30.665327,40700
2017-07-11,32.720001,32.900002,32.590000,32.860001,30.489037,53100
2017-07-12,32.580002,32.599998,32.380001,32.520000,30.173571,54000
2017-07-13,32.500000,32.570000,32.389999,32.549999,30.201406,71000
2017-07-14,32.400002,32.430000,32.070000,32.340000,30.006557,308000
2017-07-17,32.430000,32.430000,32.169998,32.259998,29.932327,129000
2017-07-18,32.189999,32.360001,32.119999,32.349998,30.015835,53700
2017-07-19,32.279999,32.279999,32.110001,32.169998,29.848822,46900
2017-07-20,32.130001,32.310001,31.990000,32.290001,29.960165,58400
2017-07-21,32.029999,32.080002,31.780001,32.000000,29.691090,78400
2017-07-24,31.680000,31.860001,31.549999,31.860001,29.561192,50100
2017-07-25,32.049999,32.119999,31.850000,31.980000,29.672531,48500
2017-07-26,31.830000,32.099998,31.730000,32.080002,29.765318,61600
2017-07-27,32.200001,32.349998,32.169998,32.230000,29.904493,40100
2017-07-28,32.189999,32.320000,32.000000,32.310001,29.978724,54800
2017-07-31,32.080002,32.310001,32.080002,32.250000,29.923050,82600
2017-08-01,32.250000,32.660000,32.250000,32.520000,30.173571,216800
2017-08-02,31.930000,31.980000,31.570000,31.799999,29.505518,92000
2017-08-03,31.490000,31.570000,31.410000,31.510000,29.236446,86500
2017-08-04,31.190001,31.190001,31.020000,31.080000,28.837471,66600
2017-08-07,30.920000,30.920000,30.629999,30.850000,28.624065,102300
2017-08-08,30.570000,30.629999,30.309999,30.340000,28.150864,63500
2017-08-09,30.530001,30.930000,30.530001,30.870001,28.642624,52900
2017-08-10,30.850000,30.910000,30.660000,30.719999,28.503447,48000
2017-08-11,30.559999,30.870001,30.559999,30.780001,28.559116,42800
2017-08-14,30.600000,30.650000,30.459999,30.639999,28.429216,124500
2017-08-15,30.900000,31.180000,30.879999,31.059999,28.818913,118800
2017-08-16,31.180000,31.270000,31.070000,31.250000,28.995207,56600
2017-08-17,30.930000,31.040001,30.799999,30.809999,28.586950,63200
2017-08-18,30.650000,30.660000,30.360001,30.530001,28.327156,160800
2017-08-21,30.610001,30.850000,30.469999,30.809999,28.586950,87800
2017-08-22,31.000000,31.150000,30.930000,31.139999,28.893141,154000
2017-08-23,30.639999,30.879999,30.549999,30.850000,28.624065,42700
2017-08-24,31.450001,31.480000,31.270000,31.370001,29.106548,59400
2017-08-25,31.389999,31.440001,31.320000,31.410000,29.143658,67600
2017-08-28,31.230000,31.680000,31.230000,31.469999,29.199329,53600
2017-08-29,31.160000,31.219999,31.030001,31.120001,28.874584,275100
2017-08-30,31.540001,31.780001,31.520000,31.780001,29.486963,63600
2017-08-31,31.709999,31.950001,31.680000,31.950001,29.644699,43000
2017-09-01,32.250000,32.250000,32.130001,32.220001,29.895216,280400
2017-09-05,31.830000,32.299999,31.790001,32.279999,29.950886,66500
2017-09-06,31.740000,31.740000,31.540001,31.580000,29.301395,135600
2017-09-07,31.709999,31.790001,31.629999,31.770000,29.477684,56100
2017-09-08,31.830000,32.230000,31.830000,32.200001,29.876659,55700
2017-09-11,32.139999,32.150002,31.990000,32.090000,29.774597,53900
2017-09-12,32.049999,32.200001,32.009998,32.180000,29.858103,90200
2017-09-13,32.029999,32.029999,31.820000,31.889999,29.589027,81100
2017-09-14,31.980000,32.470001,31.889999,32.389999,30.052950,612500
2017-09-15,32.680000,33.000000,32.650002,32.900002,30.526152,391000
2017-09-18,33.869999,34.110001,33.810001,33.959999,31.509670,158800
2017-09-19,34.090000,34.279999,34.080002,34.279999,31.806581,136700
2017-09-20,34.240002,34.549999,34.090000,34.270000,31.797306,449500
2017-09-21,34.189999,34.770000,34.189999,34.759998,32.251945,1053200
2017-09-22,34.610001,34.880001,34.490002,34.880001,32.363289,870200
2017-09-25,34.799999,34.869999,34.639999,34.790001,32.279781,306300
2017-09-26,34.490002,34.639999,34.430000,34.639999,32.140606,697500
2017-09-27,34.189999,34.430000,34.150002,34.389999,31.908646,633100
2017-09-28,34.450001,34.639999,34.410000,34.580002,32.084934,509000
2017-09-29,34.310001,34.540001,34.279999,34.500000,32.010704,999800
2017-10-02,33.930000,34.139999,33.849998,34.090000,31.630287,1872300
2017-10-03,33.369999,33.480000,33.330002,33.430000,31.017912,1471800
2017-10-04,33.400002,33.509998,33.369999,33.490002,31.073584,251700
2017-10-05,32.790001,32.889999,32.709999,32.830002,30.461205,185300
2017-10-06,32.450001,32.639999,32.400002,32.610001,30.257076,885500
2017-10-09,32.770000,33.180000,32.750000,33.119999,30.730278,436200
2017-10-10,33.040001,33.200001,32.919998,33.139999,30.748837,232700
2017-10-11,33.029999,33.240002,33.000000,33.220001,30.823063,392300
2017-10-12,32.900002,33.200001,32.770000,33.139999,30.748837,193800
2017-10-13,33.080002,33.340000,33.080002,33.330002,30.925127,74300
2017-10-16,32.990002,33.080002,32.889999,33.009998,30.628214,95600
2017-10-17,32.730000,32.990002,32.730000,32.910000,30.535429,61800
2017-10-18,32.900002,33.139999,32.840000,33.099998,30.711721,87800
2017-10-19,32.270000,32.279999,32.110001,32.150002,30.246449,66000
2017-10-20,32.029999,32.169998,31.900000,32.020000,30.124146,111700
2017-10-23,32.029999,32.240002,32.029999,32.119999,30.218224,151000
2017-10-24,32.080002,32.130001,31.900000,32.020000,30.124146,77400
2017-10-25,31.660000,31.830000,31.610001,31.830000,29.945396,191400
2017-10-26,31.420000,31.540001,31.330000,31.400000,29.540854,148100
2017-10-27,31.590000,31.620001,31.440001,31.600000,29.729013,64600
2017-10-30,31.840000,32.029999,31.809999,31.990000,30.095921,103100
2017-10-31,31.879999,32.119999,31.840000,32.099998,30.199408,100500
2017-11-01,31.870001,31.870001,31.150000,31.230000,29.380920,270700
2017-11-02,31.059999,31.059999,30.770000,30.920000,29.089273,157600
2017-11-03,31.250000,31.410000,31.160000,31.410000,29.550262,110700
2017-11-06,31.240000,31.360001,31.120001,31.360001,29.503223,148500
2017-11-07,30.900000,31.129999,30.850000,31.100000,29.258617,173900
2017-11-08,30.280001,30.559999,30.240000,30.389999,28.590654,100900
2017-11-09,30.070000,30.230000,30.000000,30.230000,28.440128,181800
2017-11-10,29.990000,30.049999,29.820000,29.870001,28.101444,109400
2017-11-13,28.650000,28.719999,28.510000,28.690001,26.991310,146400
2017-11-14,28.770000,28.900000,28.629999,28.809999,27.104204,165900
2017-11-15,28.790001,28.969999,28.730000,28.850000,27.141836,183800
2017-11-16,28.959999,29.110001,28.930000,29.080000,27.358219,112600
2017-11-17,28.820000,28.820000,28.680000,28.780001,27.075981,106100
2017-11-20,29.330000,29.490000,29.170000,29.250000,27.518152,114100
2017-11-21,29.309999,29.440001,29.190001,29.230000,27.499336,134500
2017-11-22,29.540001,29.540001,29.170000,29.260000,27.527561,137900
2017-11-24,29.440001,29.459999,29.250000,29.400000,27.659271,70300
2017-11-27,29.600000,29.600000,29.410000,29.440001,27.696903,135900
2017-11-28,29.309999,29.730000,29.250000,29.660000,27.903877,178000
2017-11-29,29.730000,29.780001,29.400000,29.450001,27.706310,176800
2017-11-30,30.719999,30.760000,30.100000,30.240000,28.449537,165400
2017-12-01,30.260000,30.309999,30.139999,30.250000,28.458944,165900
2017-12-04,30.260000,30.459999,30.200001,30.290001,28.496576,186600
2017-12-05,30.059999,30.059999,29.860001,29.940001,28.167299,136100
2017-12-06,30.250000,30.520000,30.190001,30.420000,28.618879,114200
2017-12-07,29.940001,30.250000,29.930000,30.170000,28.383680,145000
2017-12-08,30.230000,30.280001,30.030001,30.100000,28.317825,202500
2017-12-11,30.080000,30.139999,29.959999,29.990000,28.214336,161500
2017-12-12,29.910000,29.969999,29.650000,29.830000,28.063812,259300
2017-12-13,30.240000,30.480000,30.240000,30.420000,28.618879,139000
2017-12-14,30.350000,30.500000,30.350000,30.389999,28.590654,146000
2017-12-15,30.190001,30.250000,29.950001,30.190001,28.402496,451400
2017-12-18,30.420000,30.510000,30.219999,30.309999,28.515390,185400
2017-12-19,30.320000,30.350000,30.150000,30.299999,28.505981,182200
2017-12-20,30.629999,30.680000,30.290001,30.510000,28.703550,188800
2017-12-21,30.410000,30.590000,30.299999,30.410000,28.609470,173700
2017-12-22,30.420000,30.980000,30.400000,30.830000,29.004604,178700
2017-12-26,30.440001,31.049999,30.440001,30.920000,29.089273,166100
2017-12-27,30.540001,30.670000,30.389999,30.660000,28.844669,135100
2017-12-28,30.709999,30.820000,30.709999,30.780001,28.957565,116700
2017-12-29,31.000000,31.320000,30.990000,31.180000,29.333879,67000
2018-01-02,31.299999,31.580000,31.200001,31.580000,29.710196,236300
2018-01-03,31.490000,31.549999,31.260000,31.500000,29.634933,446200
2018-01-04,31.549999,31.549999,31.299999,31.389999,29.531446,242400
2018-01-05,31.309999,31.490000,31.280001,31.490000,29.625525,99600
2018-01-08,31.480000,31.570000,31.379999,31.549999,29.681973,234800
2018-01-09,31.330000,31.480000,31.309999,31.440001,29.578487,167400
2018-01-10,31.580000,31.780001,31.570000,31.670000,29.794868,141600
2018-01-11,32.119999,32.400002,32.110001,32.310001,30.396976,280100
2018-01-12,32.470001,32.930000,32.470001,32.919998,30.970856,584300
2018-01-16,33.119999,33.230000,32.970001,33.200001,31.234280,481700
2018-01-17,33.410000,33.560001,33.290001,33.430000,31.450663,492400
2018-01-18,32.950001,33.169998,32.919998,33.119999,31.159016,342300
2018-01-19,33.070000,33.299999,33.060001,33.299999,31.328356,910200
2018-01-22,33.160000,33.310001,33.119999,33.279999,31.309544,268800
2018-01-23,33.049999,33.259998,33.049999,33.240002,31.271912,139900
2018-01-24,32.950001,32.970001,32.669998,32.740002,30.801516,244800
2018-01-25,32.889999,32.970001,32.500000,32.630001,30.698027,80600
2018-01-26,33.209999,33.500000,33.150002,33.400002,31.422436,173600
2018-01-29,33.790001,33.799999,33.619999,33.700001,31.704672,131300
2018-01-30,33.689999,33.740002,33.560001,33.639999,31.648228,171800
2018-01-31,34.220001,34.320000,34.009998,34.209999,32.184479,401100
2018-02-01,34.070000,34.349998,34.060001,34.230000,32.203293,135300
2018-02-02,34.060001,34.070000,33.770000,33.830002,31.826979,94900
2018-02-05,33.430000,33.459999,32.610001,32.730000,30.792105,148700
2018-02-06,31.840000,32.279999,31.570000,32.119999,30.218224,149400
2018-02-07,32.150002,32.470001,32.150002,32.250000,30.340527,172200
2018-02-08,32.720001,32.759998,31.090000,31.950001,30.058290,107200
2018-02-09,31.700001,31.750000,31.000000,31.400000,29.540854,140400
2018-02-12,31.760000,31.799999,31.450001,31.490000,29.625525,233200
2018-02-13,31.990000,32.110001,31.910000,32.090000,30.190001,122900
2018-02-14,31.969999,32.630001,31.969999,32.549999,30.622765,120000
2018-02-15,33.459999,33.860001,33.459999,33.790001,31.789347,44500
2018-02-16,33.779999,34.049999,33.779999,33.939999,31.930464,46700
2018-02-20,33.779999,33.869999,33.599998,33.669998,31.676451,68400
2018-02-21,33.549999,34.180000,33.520000,33.770000,31.770531,77300
2018-02-22,32.520000,33.180000,32.360001,32.900002,30.952044,109600
2018-02-23,31.740000,32.090000,31.590000,32.080002,30.180595,91300
2018-02-26,32.580002,32.849998,32.419998,32.740002,30.801516,88500
2018-02-27,32.470001,32.549999,32.150002,32.200001,30.293488,120000
2018-02-28,32.750000,32.840000,32.110001,32.200001,30.293488,145300
2018-03-01,32.490002,32.540001,31.780001,32.080002,30.180595,278100
2018-03-02,32.200001,32.419998,32.040001,32.340000,30.425198,95600
2018-03-05,32.049999,32.230000,31.950001,32.119999,30.218224,97000
2018-03-06,33.020000,33.299999,32.820000,32.950001,30.999083,107900
2018-03-07,33.160000,33.250000,32.709999,32.990002,31.036715,135700
2018-03-08,32.980000,33.040001,32.759998,32.900002,30.952044,122500
2018-03-09,33.259998,34.119999,33.209999,33.759998,31.761122,78700
2018-03-12,33.529999,33.599998,33.279999,33.430000,31.450663,106300
2018-03-13,33.070000,33.150002,32.570000,32.680000,30.745068,104300
2018-03-14,32.730000,32.810001,32.529999,32.580002,30.650990,66600
2018-03-15,32.599998,33.070000,32.509998,32.799999,30.857964,126100
2018-03-16,33.009998,33.029999,32.830002,32.880001,30.933226,68400
2018-03-19,33.099998,33.160000,32.830002,33.040001,31.083752,71600
2018-03-20,33.139999,33.279999,33.049999,33.060001,31.102570,114500
2018-03-21,33.110001,33.230000,33.049999,33.180000,31.215467,100800
2018-03-22,32.540001,32.810001,32.330002,32.459999,30.538092,63400
2018-03-23,32.410000,32.590000,32.029999,32.049999,30.152367,129900
2018-03-26,32.570000,32.610001,32.230000,32.430000,30.509869,44200
2018-03-27,32.770000,32.889999,32.430000,32.560001,30.632175,63000
2018-03-28,32.740002,32.889999,32.610001,32.720001,30.782698,72100
2018-03-29,33.139999,33.389999,33.029999,33.259998,31.290726,184500
2018-04-02,33.189999,33.250000,32.590000,32.880001,30.933226,75100
2018-04-03,32.830002,32.959999,32.680000,32.810001,30.867373,95100
2018-04-04,32.889999,33.299999,32.840000,33.299999,31.328356,84100
2018-04-05,33.810001,34.090000,33.790001,34.020000,32.005730,77200
2018-04-06,34.389999,34.450001,34.220001,34.320000,32.287964,82400
2018-04-09,34.480000,34.750000,34.439999,34.439999,32.400860,78500
2018-04-10,34.410000,34.730000,34.410000,34.630001,32.579609,53800
2018-04-11,34.430000,34.540001,34.160000,34.310001,32.278557,56200
2018-04-12,34.040001,34.279999,33.980000,34.270000,32.240925,57500
2018-04-13,34.320000,34.490002,34.310001,34.380001,32.344414,45600
2018-04-16,34.810001,34.970001,34.700001,34.930000,32.861847,81800
2018-04-17,34.830002,35.000000,34.689999,34.840000,32.777176,1361700
2018-04-18,34.599998,34.810001,34.599998,34.689999,32.636055,443500
2018-04-19,33.599998,34.439999,33.599998,34.320000,32.944820,321700
2018-04-20,34.369999,34.439999,34.189999,34.290001,32.916027,1008400
2018-04-23,34.040001,34.400002,34.000000,34.259998,32.887222,256300
2018-04-24,35.130001,35.180000,34.799999,34.910000,33.511181,464400
2018-04-25,34.779999,34.860001,34.689999,34.740002,33.347996,392100
2018-04-26,34.779999,34.810001,34.549999,34.730000,33.338394,1070700
2018-04-27,34.250000,34.459999,34.180000,34.419998,33.040813,535300
2018-04-30,34.189999,34.299999,34.080002,34.200001,32.829632,278300
2018-05-01,34.009998,34.009998,33.759998,33.919998,32.560848,251000
2018-05-02,34.009998,34.060001,33.750000,33.779999,32.426460,215400
2018-05-03,33.860001,34.000000,33.709999,33.869999,32.512852,137600
2018-05-04,33.700001,33.849998,33.650002,33.779999,32.426460,62800
2018-05-07,33.950001,34.029999,33.820000,33.930000,32.570450,48900
2018-05-08,33.540001,33.639999,33.450001,33.599998,32.253670,101400
2018-05-09,33.860001,33.980000,33.779999,33.880001,32.522453,84800
2018-05-10,33.770000,34.070000,33.750000,34.070000,32.704838,63200
2018-05-11,34.200001,34.990002,34.200001,34.919998,33.520782,79400
2018-05-14,34.970001,35.049999,34.750000,34.810001,33.415192,36700
2018-05-15,34.799999,35.090000,34.509998,34.970001,33.568779,49200
2018-05-16,35.099998,35.200001,34.950001,35.080002,33.674370,44500
2018-05-17,35.130001,35.480000,34.779999,35.419998,34.000744,78500
2018-05-18,35.419998,35.619999,35.360001,35.419998,34.000744,307400
2018-05-21,35.500000,35.750000,35.500000,35.630001,34.202335,30800
2018-05-22,35.639999,35.639999,34.779999,35.110001,33.703171,59100
2018-05-23,35.200001,35.200001,34.900002,35.160000,33.751163,60500
2018-05-24,35.080002,35.240002,35.029999,35.240002,33.827961,46300
2018-05-25,34.770000,34.860001,34.689999,34.810001,33.415192,118800
2018-05-29,34.439999,34.520000,33.930000,34.080002,32.714443,74800
2018-05-30,34.540001,34.730000,34.470001,34.480000,33.098412,74800
2018-05-31,34.980000,35.009998,34.240002,34.520000,33.136806,72100
2018-06-01,35.340000,35.470001,35.279999,35.320000,33.904755,117900
2018-06-04,35.360001,35.540001,35.180000,35.250000,33.837559,1023500
2018-06-05,35.360001,35.360001,34.930000,35.189999,33.779961,44900
2018-06-06,35.400002,35.660000,35.310001,35.590000,34.163937,74800
2018-06-07,35.580002,35.580002,35.240002,35.279999,33.866356,69500
2018-06-08,35.230000,35.349998,35.169998,35.320000,33.904755,129700
2018-06-11,35.430000,35.500000,35.340000,35.369999,33.952751,70100
2018-06-12,35.209999,35.320000,35.060001,35.169998,33.760765,72900
2018-06-13,35.110001,35.130001,34.880001,34.980000,33.578377,58100
2018-06-14,35.270000,35.410000,34.939999,34.959999,33.559177,134400
2018-06-15,34.290001,34.599998,34.250000,34.459999,33.079212,106800
2018-06-18,34.169998,34.270000,34.049999,34.189999,32.820030,70100
2018-06-19,33.700001,33.880001,33.509998,33.880001,32.522453,110000
2018-06-20,33.970001,34.000000,33.220001,33.799999,32.445656,123900
2018-06-21,33.570000,33.619999,33.279999,33.320000,31.984892,69700
2018-06-22,33.790001,33.790001,33.580002,33.599998,32.253670,67800
2018-06-25,33.189999,33.240002,32.840000,32.970001,31.648920,59900
2018-06-26,32.970001,33.099998,32.840000,33.029999,31.706509,54800
2018-06-27,33.099998,33.299999,32.820000,33.000000,31.677715,104800
2018-06-28,33.480000,33.700001,33.340000,33.660000,32.311268,156100
2018-06-29,34.500000,34.799999,34.490002,34.619999,33.232800,44800
2018-07-02,33.900002,34.189999,33.900002,34.189999,32.820030,43900
2018-07-03,34.299999,34.349998,33.930000,34.119999,32.752834,109700
2018-07-05,34.320000,34.490002,34.270000,34.450001,33.069614,32300
2018-07-06,34.580002,34.660000,34.470001,34.619999,33.232800,37100
2018-07-09,34.880001,34.910000,34.590000,34.730000,33.338394,93500
2018-07-10,35.020000,35.060001,34.849998,34.959999,33.559177,110100
2018-07-11,35.169998,35.430000,34.939999,35.200001,33.789562,37300
2018-07-12,35.610001,36.020000,35.580002,36.020000,34.576706,112300
2018-07-13,36.150002,36.169998,36.009998,36.150002,34.701500,148600
2018-07-16,36.270000,36.410000,36.049999,36.250000,34.797489,42400
2018-07-17,36.099998,36.139999,35.970001,36.029999,34.586304,139300
2018-07-18,35.990002,35.990002,35.680000,35.880001,34.442318,121200
2018-07-19,35.730000,35.889999,35.669998,35.779999,34.346321,46100
2018-07-20,35.730000,36.070000,35.730000,35.959999,34.519108,50700
2018-07-23,36.000000,36.020000,35.869999,35.919998,34.480709,38800
2018-07-24,36.000000,36.130001,35.480000,35.740002,34.307926,39900
2018-07-25,35.119999,35.349998,34.669998,35.349998,33.933548,221600
2018-07-26,34.680000,34.950001,34.680000,34.759998,33.367191,46600
2018-07-27,34.910000,34.919998,34.590000,34.680000,33.290398,68200
2018-07-30,35.119999,35.119999,34.740002,34.750000,33.357594,55600
2018-07-31,35.009998,35.020000,34.720001,34.770000,33.376793,62000
2018-08-01,34.000000,34.000000,33.549999,33.740002,32.388065,103700
2018-08-02,33.700001,33.750000,33.470001,33.680000,32.330467,39000
2018-08-03,33.020000,33.090000,32.840000,33.029999,31.706509,570500
2018-08-06,32.849998,32.990002,32.770000,32.900002,31.581722,45200
2018-08-07,33.009998,33.090000,32.910000,32.970001,31.648920,40300
2018-08-08,32.919998,32.919998,32.720001,32.799999,31.485727,83500
2018-08-09,32.560001,32.630001,32.389999,32.480000,31.178549,57700
2018-08-10,32.169998,32.529999,32.169998,32.470001,31.168953,222600
2018-08-13,32.599998,32.669998,32.349998,32.509998,31.207348,58900
2018-08-14,32.689999,32.689999,32.410000,32.520000,31.216948,197700
2018-08-15,32.080002,32.320000,32.009998,32.299999,31.005762,88500
2018-08-16,32.299999,32.380001,32.200001,32.240002,30.948170,52800
2018-08-17,32.130001,32.400002,32.119999,32.349998,31.053757,45400
2018-08-20,32.529999,32.610001,32.320000,32.480000,31.178549,61700
2018-08-21,32.669998,32.759998,32.500000,32.709999,31.399334,123700
2018-08-22,32.419998,32.529999,32.320000,32.330002,31.034563,45300
2018-08-23,32.000000,32.049999,31.820000,31.850000,30.573795,89800
2018-08-24,31.990000,32.049999,31.889999,32.000000,30.717783,36600
2018-08-27,31.600000,32.290001,31.600000,32.279999,30.986563,54400
2018-08-28,32.290001,32.459999,32.139999,32.299999,31.005762,80500
2018-08-29,32.490002,32.730000,32.490002,32.730000,31.418531,41900
2018-08-30,32.330002,32.389999,32.180000,32.259998,30.967365,106400
2018-08-31,31.910000,32.000000,31.799999,31.889999,30.612190,81000
2018-09-04,31.450001,31.660000,31.340000,31.600000,30.333813,151700
2018-09-05,31.799999,31.879999,31.610001,31.870001,30.592993,114400
2018-09-06,31.889999,32.070000,31.879999,31.980000,30.698586,67800
2018-09-07,32.240002,32.630001,32.240002,32.509998,31.207348,58900
2018-09-10,32.560001,32.680000,32.430000,32.669998,31.360933,60100
2018-09-11,32.410000,32.849998,32.400002,32.759998,31.447330,135900
2018-09-12,32.740002,32.830002,32.580002,32.680000,31.370537,169100
2018-09-13,32.660000,32.689999,32.419998,32.549999,31.245747,206300
2018-09-14,33.090000,33.310001,33.009998,33.240002,31.908098,121800
2018-09-17,33.570000,33.570000,33.279999,33.380001,32.042492,85700
2018-09-18,33.880001,34.049999,33.720001,33.799999,32.445656,71900
2018-09-19,34.110001,34.250000,33.889999,34.029999,32.666443,54400
2018-09-20,33.930000,34.000000,33.790001,33.980000,32.618446,77700
2018-09-21,33.330002,33.340000,33.270000,33.290001,31.956095,41000
2018-09-24,33.330002,33.340000,33.090000,33.169998,31.840902,102000
2018-09-25,33.099998,33.410000,33.000000,33.250000,31.917696,2588300
2018-09-26,32.830002,33.180000,32.709999,32.939999,31.620117,571700
2018-09-27,32.820000,32.950001,32.669998,32.730000,31.418531,46800
2018-09-28,32.830002,33.070000,32.830002,32.910000,31.591322,146900
2018-10-01,32.860001,32.930000,32.529999,32.560001,31.255348,66000
2018-10-02,32.150002,32.230000,31.920000,32.029999,30.746580,228500
2018-10-03,32.070000,32.090000,31.639999,31.700001,30.429806,217000
2018-10-04,31.790001,31.850000,31.660000,31.809999,30.535395,136100
2018-10-05,32.290001,32.310001,32.020000,32.310001,31.015364,398700
2018-10-08,31.520000,32.080002,31.480000,31.990000,30.708183,827300
2018-10-09,31.790001,32.240002,31.760000,32.189999,30.900169,802700
2018-10-10,32.130001,32.169998,31.330000,31.389999,30.132225,2032300
2018-10-11,31.700001,31.700001,31.059999,31.270000,30.017035,590400
2018-10-12,31.500000,31.570000,31.010000,31.370001,30.113029,673500
2018-10-15,30.090000,30.230000,30.000000,30.010000,28.807522,204300
2018-10-16,30.879999,30.969999,30.799999,30.910000,29.671457,104800
2018-10-17,30.270000,30.330000,29.760000,29.900000,28.701929,76300
2018-10-18,29.459999,29.530001,28.700001,28.740000,28.018013,145400
2018-10-19,28.540001,28.690001,28.440001,28.469999,27.754795,614500
2018-10-22,28.340000,28.549999,28.010000,28.350000,27.637810,1002800
2018-10-23,28.120001,28.450001,27.830000,28.389999,27.676805,616200
2018-10-24,28.530001,28.570000,27.639999,27.639999,26.945646,256700
2018-10-25,28.129999,28.270000,27.830000,28.090000,27.384342,340200
2018-10-26,27.559999,27.559999,27.129999,27.330000,26.643435,435900
2018-10-29,27.500000,27.530001,26.330000,26.520000,25.853783,422600
2018-10-30,25.940001,26.260000,25.799999,25.879999,25.229858,691800
2018-10-31,26.930000,27.139999,26.830000,26.950001,26.272982,1265500
2018-11-01,27.360001,27.469999,27.139999,27.420000,26.731173,342000
2018-11-02,28.190001,28.250000,27.570000,27.790001,27.091879,541200
2018-11-05,27.490000,27.510000,26.990000,27.100000,26.419212,279500
2018-11-06,27.330000,27.420000,27.170000,27.299999,26.614187,327800
2018-11-07,27.910000,28.150000,27.799999,28.059999,27.355095,171500
2018-11-08,28.030001,28.110001,27.799999,27.830000,27.130873,132900
2018-11-09,27.639999,27.730000,27.420000,27.469999,26.779917,90200
2018-11-12,27.530001,27.530001,27.160000,27.200001,26.516701,121600
2018-11-13,27.889999,28.270000,27.760000,27.930000,27.228361,166300
2018-11-14,28.170000,28.230000,27.660000,27.870001,27.169868,171700
2018-11-15,27.459999,27.459999,27.080000,27.350000,26.662931,224300
2018-11-16,27.120001,27.219999,27.000000,27.120001,26.438711,165400
2018-11-19,27.080000,27.100000,26.500000,26.500000,25.834284,399700
2018-11-20,25.900000,26.379999,25.889999,26.010000,25.356594,1069300
2018-11-21,26.290001,26.450001,26.230000,26.260000,25.600313,181200
2018-11-23,25.870001,25.959999,25.840000,25.950001,25.298101,165100
2018-11-26,26.290001,26.370001,26.200001,26.280001,25.619812,258100
2018-11-27,25.879999,25.900000,25.570000,25.610001,24.966642,1093700
2018-11-28,25.200001,25.290001,24.809999,25.230000,24.596188,922700
2018-11-29,25.090000,25.170000,24.980000,25.049999,24.420710,285200
2018-11-30,25.150000,25.209999,25.010000,25.120001,24.488953,185700
2018-12-03,25.510000,25.549999,25.049999,25.200001,24.566944,440100
2018-12-04,24.450001,24.469999,23.740000,23.830000,23.231359,423200
2018-12-06,22.930000,23.200001,22.639999,23.129999,22.548943,867400
2018-12-07,23.209999,23.410000,22.760000,22.850000,22.275978,1078900
2018-12-10,23.000000,23.209999,22.719999,22.980000,22.402712,4157600
2018-12-11,23.150000,23.180000,22.639999,22.770000,22.197989,783300
2018-12-12,23.160000,23.219999,22.969999,23.010000,22.431959,648500
2018-12-13,22.969999,23.170000,22.969999,23.100000,22.519697,994700
2018-12-14,23.070000,23.110001,22.760000,22.770000,22.197989,1320700
2018-12-17,22.990000,23.129999,22.830000,23.070000,22.490450,1226900
2018-12-18,23.129999,23.370001,23.100000,23.370001,22.782915,1026000
2018-12-19,22.959999,23.299999,22.850000,22.940001,22.363718,1044800
2018-12-20,23.110001,23.250000,22.930000,22.959999,22.383213,395900
2018-12-21,23.049999,23.049999,22.540001,22.750000,22.178490,424900
2018-12-24,22.969999,23.230000,22.510000,22.610001,22.042007,201900
2018-12-26,22.500000,22.870001,22.459999,22.840000,22.266230,317500
2018-12-27,22.959999,23.230000,22.639999,22.950001,22.373466,523100
2018-12-28,23.379999,23.490000,23.250000,23.320000,22.734171,349500
2018-12-31,23.410000,23.459999,23.120001,23.420000,22.831659,402500
2019-01-02,23.360001,23.750000,23.270000,23.650000,23.055880,491800
2019-01-03,23.650000,23.770000,23.400000,23.740000,23.143620,1605800
2019-01-04,23.709999,24.370001,23.709999,24.320000,23.709049,291400
2019-01-07,23.889999,24.500000,23.809999,24.150000,23.543320,537900
2019-01-08,24.430000,24.700001,24.309999,24.570000,23.952768,463700
2019-01-09,25.129999,25.420000,25.020000,25.100000,24.469456,577000
2019-01-10,25.150000,25.490000,25.139999,25.469999,24.830158,245500
2019-01-11,25.570000,25.930000,25.430000,25.840000,25.190865,1655200
2019-01-14,25.870001,26.280001,25.840000,26.209999,25.551569,771200
2019-01-15,26.219999,26.510000,26.190001,26.459999,25.795288,416100
2019-01-16,26.400000,26.459999,26.299999,26.389999,25.727047,168600
2019-01-17,26.010000,26.410000,25.969999,26.260000,25.600313,466800
2019-01-18,26.500000,26.860001,26.500000,26.770000,26.097502,364700
2019-01-22,26.709999,27.010000,26.610001,27.010000,26.331472,635800
2019-01-23,27.049999,27.180000,26.910000,26.959999,26.282728,627600
2019-01-24,27.059999,27.400000,26.950001,27.340000,26.653183,208200
2019-01-25,27.320000,27.450001,27.180000,27.450001,26.760420,281400
2019-01-28,27.070000,27.180000,26.969999,27.129999,26.448458,409300
2019-01-29,27.469999,27.590000,27.219999,27.350000,26.662931,356600
2019-01-30,27.420000,27.590000,27.190001,27.410000,26.721424,231900
2019-01-31,27.219999,27.469999,27.219999,27.379999,26.692177,164600
2019-02-01,27.240000,27.540001,27.240000,27.459999,26.770168,179400
2019-02-04,27.209999,27.320000,27.160000,27.320000,26.633684,150300
2019-02-05,27.209999,27.520000,27.209999,27.450001,26.760420,186600
2019-02-06,27.350000,27.559999,27.320000,27.510000,26.818913,185800
2019-02-07,27.350000,27.530001,27.260000,27.440001,26.750671,82800
2019-02-08,27.260000,27.500000,27.260000,27.450001,26.760420,199300
2019-02-11,27.330000,27.400000,27.090000,27.139999,26.458206,97600
2019-02-12,27.020000,27.129999,27.010000,27.100000,26.419212,96500
2019-02-13,27.070000,27.110001,26.840000,26.990000,26.311975,155700
2019-02-14,27.160000,27.430000,27.049999,27.330000,26.643435,458600
2019-02-15,27.320000,27.590000,27.320000,27.559999,26.867655,116600
2019-02-19,27.020000,27.320000,26.969999,27.100000,26.419212,110700
2019-02-20,26.650000,26.900000,26.600000,26.799999,26.126747,105800
2019-02-21,24.690001,24.830000,24.410000,24.660000,24.040508,178100
2019-02-22,24.830000,25.000000,24.780001,24.889999,24.264729,345000
2019-02-25,24.969999,25.320000,24.969999,25.240000,24.605938,196900
2019-02-26,25.139999,25.530001,24.980000,25.430000,24.791164,145900
2019-02-27,25.129999,25.440001,24.950001,25.360001,24.722923,120300
2019-02-28,25.040001,25.150000,24.860001,24.969999,24.342720,289300
2019-03-01,25.180000,25.290001,24.950001,25.000000,24.371967,192100
2019-03-04,25.230000,25.330000,25.139999,25.150000,24.518198,303500
2019-03-05,25.120001,25.360001,25.120001,25.320000,24.683928,80500
2019-03-06,25.270000,25.360001,25.000000,25.090000,24.459705,149500
2019-03-07,24.870001,24.980000,24.709999,24.850000,24.225735,124300
2019-03-08,24.490000,24.629999,24.440001,24.590000,23.972267,178700
2019-03-11,24.549999,24.840000,24.549999,24.780001,24.157494,98000
2019-03-12,24.650000,24.870001,24.639999,24.780001,24.157494,186000
2019-03-13,24.850000,24.850000,24.580000,24.770000,24.147745,123000
2019-03-14,25.010000,25.250000,25.010000,25.160000,24.527946,118700
2019-03-15,25.410000,25.650000,25.309999,25.520000,24.878904,150700
2019-03-18,25.850000,26.150000,25.690001,26.120001,25.463831,489100
2019-03-19,26.100000,26.200001,25.969999,26.030001,25.376093,65100
2019-03-20,25.940001,26.209999,25.850000,26.070000,25.415087,219900
2019-03-21,25.760000,25.920000,25.660000,25.830000,25.181116,405500
2019-03-22,25.430000,25.600000,25.110001,25.170000,24.537697,124000
2019-03-25,24.670000,24.790001,24.480000,24.600000,23.982016,171900
2019-03-26,24.510000,24.510000,24.340000,24.450001,23.835785,355100
2019-03-27,24.670000,25.160000,24.600000,25.100000,24.469456,518600
2019-03-28,25.059999,25.139999,24.900000,25.049999,24.420710,134100
2019-03-29,25.480000,25.580000,25.290001,25.559999,24.917898,113900
2019-04-01,25.879999,25.910000,25.750000,25.900000,25.249357,113700
2019-04-02,25.540001,25.990000,25.540001,25.940001,25.288353,128100
2019-04-03,26.280001,26.540001,26.240000,26.309999,25.649057,597200
2019-04-04,26.059999,26.559999,26.059999,26.510000,25.844034,693800
2019-04-05,26.450001,26.680000,26.350000,26.580000,25.912275,365300
2019-04-08,26.610001,26.809999,26.389999,26.809999,26.136497,131100
2019-04-09,26.740000,26.740000,26.410000,26.490000,25.824535,125500
2019-04-10,26.860001,26.860001,26.450001,26.510000,25.844034,114100
2019-04-11,27.150000,27.150000,26.559999,26.700001,26.029261,158100
2019-04-12,26.860001,26.959999,26.790001,26.809999,26.136497,104200
2019-04-15,26.790001,27.760000,26.639999,26.670000,26.000013,163900
2019-04-16,27.190001,27.190001,26.820000,26.830000,26.155994,344700
2019-04-17,27.049999,27.120001,26.910000,27.010000,26.331472,294500
2019-04-18,26.350000,26.670000,26.350000,26.510000,25.844034,141700
2019-04-22,26.559999,26.559999,25.740000,25.780001,25.780001,101200
2019-04-23,25.780001,25.860001,25.670000,25.760000,25.760000,113600
2019-04-24,25.620001,25.870001,25.549999,25.740000,25.740000,75300
2019-04-25,25.549999,25.680000,25.500000,25.580000,25.580000,255300
2019-04-26,25.629999,25.830000,25.510000,25.750000,25.750000,273200
2019-04-29,25.799999,25.950001,25.680000,25.690001,25.690001,217200
2019-04-30,25.760000,26.040001,25.570000,25.670000,25.670000,447700
2019-05-01,25.799999,25.920000,25.459999,25.480000,25.480000,334400
2019-05-02,25.510000,25.700001,25.080000,25.110001,25.110001,134900
2019-05-03,25.150000,25.549999,25.150000,25.299999,25.299999,128200
2019-05-06,25.370001,25.370001,24.770000,25.049999,25.049999,441000
2019-05-07,24.650000,24.660000,24.450001,24.510000,24.510000,262900
2019-05-08,24.450001,24.549999,24.290001,24.430000,24.430000,116400
2019-05-09,24.480000,24.660000,24.430000,24.520000,24.520000,332500
2019-05-10,24.490000,24.830000,24.370001,24.410000,24.410000,567800
2019-05-13,24.090000,24.150000,23.750000,23.830000,23.830000,633000
2019-05-14,23.950001,24.110001,23.870001,24.010000,24.010000,456400
2019-05-15,23.840000,24.120001,23.750000,23.870001,23.870001,441800
2019-05-16,23.700001,23.900000,23.629999,23.670000,23.670000,931000
2019-05-17,23.540001,23.920000,23.520000,23.690001,23.690001,443400
2019-05-20,23.299999,23.540001,23.170000,23.270000,23.270000,273400
2019-05-21,23.480000,23.600000,23.400000,23.459999,23.459999,654800
2019-05-22,23.280001,23.379999,23.219999,23.219999,23.219999,529800
2019-05-23,22.959999,23.059999,22.750000,23.000000,23.000000,131400
2019-05-24,22.850000,23.030001,22.750000,22.980000,22.980000,281600
2019-05-28,22.930000,23.040001,22.660000,22.670000,22.670000,2296100
2019-05-29,22.500000,22.549999,22.360001,22.410000,22.410000,1496800
2019-05-30,22.490000,22.549999,22.360001,22.389999,22.389999,527100
2019-05-31,22.530001,22.889999,22.510000,22.830000,22.830000,2042200
2019-06-03,23.250000,23.510000,23.230000,23.410000,23.410000,143400
2019-06-04,23.740000,23.799999,23.510000,23.740000,23.740000,97500
2019-06-05,23.770000,23.780001,23.510000,23.570000,23.570000,107300
2019-06-06,23.750000,23.910000,23.690001,23.770000,23.770000,129700
2019-06-07,24.379999,24.400000,24.190001,24.250000,24.250000,192100
2019-06-10,24.379999,24.780001,24.370001,24.610001,24.610001,175000
2019-06-11,24.700001,24.719999,24.500000,24.530001,24.530001,110100
2019-06-12,24.610001,24.620001,24.410000,24.420000,24.420000,67000
2019-06-13,24.610001,24.660000,24.420000,24.500000,24.500000,112700
2019-06-14,24.590000,24.610001,24.350000,24.379999,24.379999,585800
2019-06-17,24.570000,24.629999,24.469999,24.559999,24.559999,75200
2019-06-18,24.590000,24.760000,24.570000,24.650000,24.650000,87100
2019-06-19,24.790001,24.980000,24.719999,24.870001,24.870001,94200
2019-06-20,24.410000,24.740000,24.309999,24.590000,24.590000,204200
2019-06-21,24.570000,24.709999,24.549999,24.660000,24.660000,235300
2019-06-24,24.799999,24.840000,24.680000,24.709999,24.709999,166900
2019-06-25,25.070000,25.290001,24.920000,24.920000,24.920000,129900
2019-06-26,25.030001,25.080000,24.920000,24.940001,24.940001,86700
2019-06-27,25.090000,25.110001,24.870001,24.879999,24.879999,103500
2019-06-28,25.030001,25.219999,25.000000,25.070000,25.070000,172200
2019-07-01,25.020000,25.080000,24.940001,25.070000,25.070000,304900
2019-07-02,25.000000,25.230000,25.000000,25.219999,25.219999,414800
2019-07-03,25.209999,25.240000,25.000000,25.100000,25.100000,43800
2019-07-05,24.879999,24.950001,24.709999,24.910000,24.910000,69300
2019-07-08,24.600000,24.629999,24.459999,24.459999,24.459999,192800
2019-07-09,24.260000,24.459999,24.250000,24.360001,24.360001,97400
2019-07-10,24.790001,24.879999,24.530001,24.740000,24.740000,157200
2019-07-11,24.740000,24.860001,24.660000,24.750000,24.750000,77100
2019-07-12,25.360001,25.450001,25.309999,25.379999,25.379999,77100
2019-07-15,25.639999,25.680000,25.440001,25.450001,25.450001,668700
2019-07-16,25.469999,25.709999,25.469999,25.590000,25.590000,79700
2019-07-17,25.780001,25.879999,25.690001,25.820000,25.820000,68100
2019-07-18,26.080000,26.080000,25.730000,26.000000,26.000000,65900
2019-07-19,26.190001,26.280001,26.120001,26.120001,26.120001,59800
2019-07-22,26.080000,26.230000,26.070000,26.129999,26.129999,55300
2019-07-23,26.420000,26.500000,26.350000,26.350000,26.350000,115400
2019-07-24,26.450001,26.690001,26.420000,26.680000,26.680000,79500
2019-07-25,26.530001,26.629999,26.400000,26.530001,26.530001,63400
2019-07-26,26.530001,26.580000,26.420000,26.580000,26.580000,111300
2019-07-29,26.510000,26.549999,26.320000,26.400000,26.400000,149700
2019-07-30,26.500000,26.540001,26.260000,26.260000,26.260000,68300
2019-07-31,27.010000,27.040001,26.430000,26.520000,26.520000,103000
2019-08-01,27.010000,27.230000,26.020000,26.190001,26.190001,179500
2019-08-02,26.540001,26.559999,26.290001,26.379999,26.379999,80700
2019-08-05,26.209999,26.230000,25.860001,25.990000,25.990000,126300
2019-08-06,26.240000,26.430000,25.990000,26.209999,26.209999,63600
2019-08-07,26.730000,27.299999,26.709999,27.270000,27.270000,1377500
2019-08-08,27.410000,27.809999,27.410000,27.650000,27.650000,1332300
2019-08-09,27.010000,27.219999,26.980000,27.160000,27.160000,985800
2019-08-12,26.959999,27.010000,26.700001,26.770000,26.770000,261600
2019-08-13,26.690001,26.990000,26.690001,26.820000,26.820000,79000
2019-08-14,26.700001,26.780001,26.350000,26.370001,26.370001,88500
2019-08-15,26.549999,26.850000,26.450001,26.799999,26.799999,322000
2019-08-16,26.730000,27.059999,26.670000,26.950001,26.950001,820200
2019-08-19,26.790001,27.230000,26.780001,27.070000,27.070000,722000
2019-08-20,26.940001,27.219999,26.889999,27.100000,27.100000,650100
2019-08-21,27.530001,27.750000,27.500000,27.629999,27.629999,891900
2019-08-22,27.209999,27.379999,27.180000,27.309999,27.309999,408500
2019-08-23,26.910000,27.129999,26.719999,26.820000,26.820000,891500
2019-08-26,26.920000,27.129999,26.820000,26.820000,26.820000,124000
2019-08-27,27.110001,27.129999,26.830000,26.889999,26.889999,217100
2019-08-28,26.280001,26.600000,26.280001,26.400000,26.400000,107200
2019-08-29,26.700001,26.850000,26.580000,26.740000,26.740000,86900
2019-08-30,26.879999,26.889999,26.639999,26.690001,26.690001,67000
2019-09-03,26.670000,27.150000,26.670000,27.139999,27.139999,239200
